,z1,z2,A,r1,r2,r,r0,h,L,Q_theor,eps_theor,etha_theor
0,5,8,109.55721829800258,42.13739165307792,67.41982664492467,18.860999923383616,1.5451948568093892,128.38626894264075,97.2519782548301,0.2782054822550441,1.968093002205125,0.7759001518067894
1,6,5,270.76592976701204,147.69050714564293,123.07542262136911,64.23026661247802,3.674242652866461,236.78249297688345,189.05036724309045,0.6794275272503438,2.6744953106700953,0.7691596137304806
2,6,5,184.02791018929364,100.37886010325109,83.64905008604256,39.92440604866174,8.216174247877206,194.4128613569013,138.96671326203756,0.2941963291373308,2.3642315448788187,0.7815213250637276
3,4,6,331.5068457436001,132.60273829744003,198.90410744616005,62.10860039962694,6.352333688302172,316.09343618095613,292.1818668191955,6.275452403576815,3.0467938870948004,0.7505054026983369
4,4,4,144.37999092817904,72.18999546408952,72.18999546408952,28.13252733509434,4.048555144099076,151.49892398378532,117.09009444451362,0.21297814686569408,2.1779383210147802,0.7726696793832865
5,5,4,164.80782728314756,91.5599040461931,73.24792323695448,33.523563667803664,5.217794647566818,186.0756673961852,121.34574845312608,0.19955280642146508,2.217430207899022,0.7905102976646071
6,8,8,102.05414513918548,51.02707256959274,51.02707256959274,17.872095513218728,0.8756041847930143,146.9416683662627,91.8472159286906,0.11410214152156785,1.9022724589567759,0.7923092673512299
7,5,5,328.52466301187854,164.26233150593927,164.26233150593927,58.39619891117655,14.891501709341378,437.7896603422094,312.0608196704702,3.978348379890884,3.0957493442555686,0.7798621105150572
8,6,6,164.43861244271503,82.21930622135751,82.21930622135751,28.730620728212244,5.577368080121335,126.7046792570094,111.68029451804873,0.35541789996167333,2.1251368769071606,0.7579413851386783
9,5,5,116.5204318219006,58.26021591095029,58.26021591095029,29.93047551766805,2.3765260672813637,104.79070388516485,74.10026488306322,0.05597257743647141,1.652586329913639,0.7847999809097004
10,7,7,224.04690326017683,112.02345163008842,112.02345163008842,44.91926960490055,4.3248011258616295,280.2956966277083,217.5794856883533,1.113754630717007,2.803743881165992,0.7694113559787981
11,4,8,171.67774870684178,57.22591623561393,114.45183247122786,28.80333822657369,5.575890202420324,324.89034274941343,217.7450269416543,2.143926618709772,2.804420339240274,0.7853700024200879
12,6,5,326.66862885188146,178.1828884646626,148.48574038721884,71.35671513023942,4.762335130374453,260.8461216929255,182.2695949115511,1.16698647937227,2.63955940801971,0.7862823486428667
13,7,7,134.79742352762602,67.39871176381301,67.39871176381301,25.02464139864041,3.7412829094699247,194.05068704010475,123.10829618104492,0.2527264566329489,2.233289535335027,0.7913608938008888
14,4,7,320.1051306830343,116.40186570292157,203.70326498011275,55.94123235504879,9.498258429603904,677.2310014972353,452.1852051982373,12.617519847923846,3.33609669514836,0.7824771684747514
15,4,6,95.8884411431716,38.35537645726864,57.53306468590297,19.35055615854302,2.6823947357306137,149.27912536117918,107.22726046028478,0.16950549766839307,2.0793213972709634,0.7787046635295256
16,5,6,120.9569402358715,54.980427379941595,65.97651285592991,27.905659036446593,5.457894511085812,111.24633964329608,104.6148215325273,0.16253575022990863,2.0513857541727605,0.7478144155128235
17,5,6,278.2598651856605,126.48175690257295,151.77810828308753,38.3060142618509,8.015946320642952,281.3569961621761,221.997890950275,3.175773015969839,2.821540453098373,0.7712856165838331
18,6,5,142.87356079730202,77.93103316216474,64.94252763513728,24.81407275378474,4.828790940292763,206.06447348284345,138.88737777773918,0.24130890914967343,2.3636248027515583,0.7830154931626401
19,5,5,340.59164245762685,170.29582122881342,170.29582122881342,72.02155244988384,6.553600530284044,392.6890714824067,262.9728128880326,2.818321959493989,2.9644137437884637,0.7884326532465239
20,5,5,213.79589202425777,106.89794601212888,106.89794601212888,46.82331121753317,9.285987307119878,275.43464849502607,173.37516401628363,0.7084558426294091,2.5908413935579575,0.7943208006120758
21,5,4,198.0517832095555,110.02876844975306,88.02301475980245,40.96715067337345,9.650492962572056,116.15775748026984,112.95626455463476,0.2719823498535489,2.137864673841384,0.7445376883432232
22,5,7,153.10348428679458,63.793118452831074,89.3103658339635,19.17881051107812,4.3813896684223455,187.6216334989314,125.1897047545686,0.7083328409415535,2.2516583436241246,0.7899947592066873
23,4,6,103.56909918347978,41.42763967339191,62.14145951008786,15.002775851398805,1.0404612881854354,113.85811384521122,95.02672894992033,0.20472888031881514,1.9415001267060255,0.7636148005831452
24,5,5,103.38648343742926,51.693241718714624,51.693241718714624,24.591289855546545,4.117429345701642,89.12744320622079,73.2878011891129,0.05368829770977736,1.6397249322374028,0.7667297430359579
25,7,7,245.86128873894992,122.93064436947496,122.93064436947496,47.00657569206883,3.0939128141160523,257.51681937719616,196.7522475615527,1.3147805102070782,2.7120621700811376,0.7737982557126641
26,5,4,310.7553145769356,172.6418414316309,138.1134731453047,78.61969454329984,17.177693950487136,251.92737798291145,180.8708950182944,0.792646681523496,2.632122657111996,0.7835264779790049
27,5,6,244.57250857015768,111.1693220773444,133.4031864928133,41.10777043918668,1.2570768963631584,223.23266910370617,180.72892275925165,1.6740097527916313,2.6313632567502077,0.768476704558621
28,5,8,217.33546257342385,83.59056252823994,133.7449000451839,28.901111462241115,7.7390683682245776,272.08117000208495,253.29585511190223,3.772880184839992,2.933888458991663,0.7470696874097702
29,6,4,99.70670071122532,59.824020426735196,39.88268028449013,19.569108716156304,5.186842486584206,126.91545798700676,85.8364451457272,0.03870531606789127,1.8238763006551186,0.7835809371730462
30,6,7,222.63719702115728,102.75562939438029,119.88156762677698,36.679083895088425,6.84476138478174,250.1265672965088,164.87885832873263,1.401422797184849,2.5409301910201854,0.7914673260346126
31,4,6,234.5381210061272,93.81524840245088,140.7228726036763,48.41207528243032,1.7872214182876738,197.7997783122984,190.69338318524643,1.808262874345629,2.6826920723276975,0.7449129294006738
32,5,4,110.392841791722,61.32935655095667,49.06348524076534,33.79279313846348,2.619981319023473,129.18551594254257,89.91831074554908,0.018894735786830968,1.8777371753460914,0.7823324323360638
33,6,7,276.9137353370709,127.8063393863404,149.10739595073048,41.71307193133312,2.0746502561136944,406.1903442453999,313.97319819245024,4.4385466283963835,3.1001950735257804,0.767947080061597
34,5,8,234.95015741054257,90.365445157901,144.5847122526416,37.60318334237741,2.9593412029151023,197.86800183835223,196.98824625361104,2.93867706363405,2.7131796876485317,0.7400963695137724
35,4,4,105.56240254392527,52.78120127196264,52.78120127196264,17.29595812536082,0.6515634861103508,125.00616362205622,84.12641212941668,0.08168657709457386,1.8004908467656096,0.7871987294894766
36,5,7,219.23722202935173,91.3488425122299,127.88837951712185,46.413768121986486,6.133228876118239,255.4728926223142,179.62490764212615,1.4205767810612613,2.6254290546786447,0.7845853240385203
37,5,6,166.50331628770974,75.6833255853226,90.81999070238713,33.12432511830357,2.7419721533855945,238.8991252054396,172.43765332951563,0.6462010467615936,2.585502265761061,0.7776151146426722
38,5,8,165.62923558518463,63.70355214814794,101.9256834370367,22.233737798399428,3.135098861131691,227.63034168527196,196.38974276727453,1.6232146443314222,2.7103418263669004,0.7566472083610349
39,4,4,149.23526377926865,74.61763188963432,74.61763188963432,27.553489984006568,2.6458473237424998,165.58144331630618,145.99433849115525,0.29366546155580914,2.416249020723181,0.7536671800075464
40,7,6,266.4942275347356,143.496891749473,122.99733578526259,51.74850027966946,6.748360023275475,229.67315577346835,193.63008296242677,1.1065825278651724,2.697093057708826,0.7624158768506663
41,6,5,219.4782968697562,119.71543465623067,99.76286221352554,43.761595860574175,2.4347242468318933,230.02062929456727,148.2152709972439,0.4908373850950058,2.432006921227529,0.7924867269399481
42,4,4,253.6302953568948,126.8151476784474,126.8151476784474,70.56633407709971,3.5505079911701056,183.75143018688644,129.2688187253823,0.44384529639864073,2.2865715766901373,0.7867483395600919
43,6,6,332.989739940601,166.4948699703005,166.4948699703005,63.85472536418674,2.382184309577313,320.5701926030723,271.5795300138276,3.2618608408916248,2.9901307789700224,0.7609853410202133
44,5,4,338.4456222079562,188.02534567108677,150.42027653686944,66.35884976829695,18.527548693572147,398.4362057516099,296.38924109843816,2.4247084826900447,3.057592516776136,0.7751916323207297
45,5,6,327.56513363795466,148.89324256270666,178.671891075248,80.78485087345312,5.248807919356403,432.42028231929817,290.4246056219372,3.030808915015487,3.0422100903569023,0.7873571756664219
46,7,6,244.89118188875312,131.86448255548245,113.02669933327067,41.21139152378982,6.607215014734303,222.60071990342132,156.90356269844062,0.9253873284894326,2.490751949097359,0.7845270970520308
47,5,7,252.1522370986141,105.06343212442255,147.08880497419156,52.214231682488574,2.2400102740965755,354.2656591683444,262.384386118323,2.8464584670305584,2.9626075941841234,0.7756433094994114
48,4,6,349.49170889961243,139.79668355984498,209.69502533976748,83.80948904002496,1.917317309884535,380.922640912296,289.10085364525435,5.190360710664568,3.0387278785646386,0.7759885056395003
49,4,5,325.81946625618167,144.80865166941408,181.0108145867676,82.51434999963911,2.162281022475105,386.12625245332543,266.381475029335,2.809645860104712,2.9747539758274106,0.7856974667329906
50,6,7,177.93311441128895,82.12297588213337,95.8101385291556,32.71540792922381,5.747162278613893,156.91595194002196,124.96777444528972,0.587648491488493,2.249717980955185,0.7711749387099189
51,5,5,255.02711106804145,127.51355553402072,127.51355553402072,46.72428454441906,4.814171382562658,314.7777514030198,224.34221588266757,1.5613163435154729,2.8307696628490637,0.7802947357963776
52,5,6,93.72736941736127,42.603349735164215,51.12401968219706,19.76122649135912,1.6565151222677468,99.04256899625231,89.2920743743521,0.09154034692674945,1.8696476909622668,0.7522037049466085
53,6,6,193.55369434282665,96.77684717141331,96.77684717141331,35.16903033600097,5.75109037443176,167.95482840404188,112.06309389428264,0.4699669089540852,2.1289735312632008,0.7916895730813763
54,4,5,319.1019323249726,141.82308103332116,177.27885129165145,80.13423412252752,6.09349581911387,536.8873019691988,364.3923183263511,3.8702634299071144,3.2034453371120537,0.782381364523781
55,5,6,262.7823268804617,119.4465122183917,143.33581466207002,49.63060146122736,8.858524084181536,323.344446870877,232.69753419577023,2.40914157683147,2.8625193214017925,0.7806688365744339
56,5,6,285.9129810770793,129.96044594412695,155.95253513295233,40.284314580757425,9.025433127662435,221.0755166196551,175.2054141704264,2.589970091279628,2.60114937496277,0.7727125207868666
57,5,4,135.01809667707676,75.01005370948708,60.00804296758967,33.86401517084863,4.9678010936739145,112.6618926906592,84.84998153890854,0.06322372136665515,1.8104470414667664,0.7772753733914416
58,5,5,238.5232912276855,119.26164561384276,119.26164561384276,37.80731514570122,1.6704987738981474,219.80620639013063,172.78441586578032,1.1166067226507481,2.5874817882429397,0.7714607969357256
59,6,4,336.83711274034704,202.1022676442082,134.73484509613883,73.93715598160757,11.654914014328464,344.6089660156457,314.5627059539303,1.4241820127349525,3.101556707942698,0.7468830436217264
60,6,5,214.53739139116828,117.0203953042736,97.51699608689468,52.3132158950588,7.614613747196459,146.9775012360879,110.3064195508993,0.22244756017404116,2.111236508436972,0.7792289947033281
61,4,4,328.00543776914026,164.00271888457013,164.00271888457013,49.70739215361651,13.314263199105092,306.37354100532883,254.46572167316967,3.033978941863621,2.9376740068054783,0.764690735083208
62,6,7,241.1506303961189,111.30029095205488,129.85033944406402,47.31680164651115,4.476187220694258,268.1044514404561,187.94336866463877,1.5175722781571983,2.6689149006591055,0.7844637323781128
63,5,6,200.0987843947308,90.95399290669583,109.14479148803498,34.08667038928418,6.962998399782039,237.89659234333328,172.89227238269538,1.1180520922804669,2.5880963668779846,0.7799253256640815
64,6,5,140.7227389286678,76.75785759745517,63.96488133121264,26.844301905267546,6.330087156667738,187.60966115554768,121.77585388263464,0.18525247472870832,2.2213264834375734,0.7892240511672319
65,5,5,128.02728420734786,64.01364210367393,64.01364210367393,30.7459222980582,4.520517914493612,110.74213716481404,69.72809565839225,0.07546734103478732,1.5816720422680088,0.797877481234858
66,7,5,295.44410634701967,172.34239536909482,123.10171097792487,58.87417816565387,9.31237221843075,352.7334120657866,290.9496824103824,1.3752858766715654,3.043584359208424,0.7592702652325051
67,5,8,98.44746537957516,37.864409761375065,60.5830556182001,19.08797753129348,3.213360621996177,163.37615860173565,132.36947622241755,0.2864076196655724,2.3121913293323764,0.7625670425407532
68,5,6,237.50464730996583,107.95665786816629,129.54798944179956,39.90169399511243,3.8004668349736854,235.4543727934349,172.1013005854162,1.5304102691950836,2.5835768602965543,0.7807378795119838
69,5,6,319.5819210160604,145.2645095527547,174.31741146330566,72.69768131552208,3.490743206190847,356.20551820012224,248.8404153799448,2.883323419354156,2.919220753872356,0.7848236284253811
70,5,6,124.5753197280096,56.625145330913455,67.95017439709615,30.994160358184324,1.8016636541579922,102.61278911236865,95.49796861121932,0.12792606682982824,1.9471896184400117,0.7498582367943238
71,8,8,308.6153078192707,154.30765390963535,154.30765390963535,52.54546010617449,7.155579831300623,287.7727655594241,184.2147080327348,2.382737858866473,2.6497679755278374,0.7954800257151053
72,5,8,148.30481822618896,57.040314702380364,91.26450352380859,25.584345800127565,2.413114204141432,158.4734498853151,119.20437024248398,0.6423765816347422,2.1977748514979902,0.7776363884169417
73,4,7,192.61543261843207,70.04197549761166,122.57345712082041,29.143737965408786,6.780181521523159,259.1421635723975,195.4808283952636,2.085393262636317,2.7060081038773953,0.775631563650775
74,4,5,308.7584162320151,137.2259627697845,171.53245346223062,53.622161885257256,2.4060727999351625,279.95000002257297,265.20014909703343,3.671839559308549,2.9711938665254047,0.7463921070984046
75,7,7,286.3899496867227,143.19497484336134,143.19497484336134,53.51721804838697,4.82257410777243,207.2660567857308,165.44387296365915,1.545481011994565,2.5443588323296593,0.7715399146668729
76,6,6,278.8653650603082,139.4326825301541,139.4326825301541,44.297415161095145,7.262406888345281,222.2820641203826,208.78344920397555,2.178480665900547,2.7666652125704845,0.7482296214919745
77,4,7,275.637079900971,100.23166541853492,175.4054144824361,54.455980240375446,2.725698788551828,448.9113370584906,349.92517591642627,6.34155791277234,3.1763255748611208,0.7680751049833855
78,4,6,89.03875836452372,35.615503345809486,53.42325501871424,15.351776295469744,1.6165440006740417,151.13065358120133,125.12676210884337,0.19251032656969033,2.2511084658950073,0.7580713528002342
79,6,8,172.29115860325658,73.83906797282425,98.45209063043232,29.97354527436489,3.930863136669618,185.10241308004657,139.55701983136254,0.8290665521429924,2.3687320029188847,0.7767653614958022
80,5,6,259.9931191301524,118.17869051370566,141.81442861644678,44.64675484118748,10.99731328344095,369.7348144427431,251.72791330512936,2.833084919115388,2.928772272746905,0.7853995253093626
81,5,7,82.27828870322253,34.28262029300939,47.99566841021314,18.217325169631657,2.108565114993428,154.833959682412,103.43170943542056,0.1010048847834855,2.038465241926773,0.7830636583351006
82,6,6,207.53480801965637,103.76740400982818,103.76740400982818,42.29224452269089,6.699683166099795,160.56158392114864,112.65837119208898,0.46365815876690375,2.134908675927191,0.7868742135916506
83,5,6,310.4658119201533,141.12082360006968,169.34498832008364,57.724562240255246,5.692058105010773,338.7986154648021,211.8673604489504,3.0155262987818965,2.7799239360928127,0.7972150759675405
84,8,6,348.76095836364163,199.29197620779522,149.4689821558464,64.90381866949505,9.910449200976586,420.30621650322325,321.1535411944476,2.627837423237581,3.116504174253471,0.7698332730606631
85,6,8,259.79232142386167,111.33956632451213,148.45275509934953,35.93861969920729,7.609949150374603,435.218435541694,324.78540135251365,5.637468719844467,3.1245303134733904,0.7717505903773427
86,6,7,214.99023413889557,99.22626191025948,115.76397222863608,47.95751727118149,3.2663934132350536,269.86390167423,234.82655175208168,1.1947376146522983,2.8703356829144058,0.7546884529984766
87,8,7,224.25804669932413,119.60429157297287,104.65375512635127,37.225390143733854,9.252650180486729,261.4173001368656,213.7515927412892,1.2018993578010644,2.7878854738869365,0.7632618002116897
88,8,8,219.35122797300693,109.67561398650346,109.67561398650346,35.41262649870987,1.2380651121794988,214.18028871674235,156.681876749493,1.073400926947384,2.489307817639794,0.7797851071973657
89,4,5,303.4075415402272,134.847796240101,168.55974530012622,71.19926293415041,4.139884896603831,541.3560054480346,356.0615753821069,3.740707477431126,3.188051034960033,0.7845415541200853
90,5,8,92.58065147338245,35.60794287437786,56.972708599004584,13.57768221166429,1.4510331762245594,119.00480058845832,74.56326560869955,0.16280557655230843,1.6598531826946032,0.7965380821768088
91,5,8,295.4670134525427,113.64115902020873,181.82585443233395,60.53426215136341,3.042365406791477,489.18180000803824,377.4763701622551,7.1928430362863285,3.22647894325511,0.7684793206232818
92,5,7,191.69696522252528,79.87373550938553,111.82322971313975,35.04471167709896,2.567732234754622,186.6108828923355,179.76182280421727,1.274394603967259,2.6261677823330203,0.7436686026463171
93,6,5,242.2832175928992,132.15448232339958,110.12873526949964,50.921791223558266,4.12667518188203,204.8449342513616,137.7935497384678,0.5128032474534101,2.355213302141138,0.790119414712645
94,4,5,332.53324427266426,147.792553010073,184.74069126259124,67.3309671381332,8.969436277908683,343.49503362202665,217.53380796352016,3.225068154234277,2.8035570916177806,0.7966364704923002
95,7,5,246.6959740284456,143.9059848499266,102.78998917851901,46.21390194859424,11.609946354870141,147.05794786644535,144.93117363874126,0.527010580503074,2.4085930420445556,0.7419854081151862
96,5,7,324.7456366198345,135.31068192493103,189.43495469490347,41.995445604973895,3.199637748152139,292.24509724443305,256.5138512985412,6.570909142776054,2.944237175523592,0.7581635683491229
97,5,5,208.90821668751428,104.45410834375714,104.45410834375714,55.92929150411759,6.113216947319422,219.1270925784522,202.04434040328425,0.49317609104044774,2.7366643206263785,0.7481320593376416
98,6,5,219.99633522511076,119.99800103187859,99.99833419323217,49.88091419892865,3.5916590170476925,232.26633582650925,161.69031927074678,0.429295014801138,2.5212745452439074,0.7838963741737683
99,6,5,275.8681427023906,150.47353238312215,125.39461031926848,60.963798054761405,12.234827713151471,420.9656729054127,264.5272247032135,1.2644415226408219,2.9691548290245624,0.7902195927726424
100,7,4,299.5642580734391,190.63180059218848,108.93245748125058,71.35619540505013,4.394207624727878,243.79014822342745,158.53415594020416,0.23879030743576365,2.501289892303306,0.7920316985719769
101,7,7,188.6416655812092,94.3208327906046,94.3208327906046,32.44930018622347,2.9320570204971625,243.30388660901568,173.01116869388113,0.7911050950814019,2.5887732320958374,0.779773526483743
102,4,6,94.59540802296254,37.83816320918502,56.757244813777525,18.741028450641554,0.7820965961590587,143.3572795582161,97.87826178049067,0.14641194102915914,1.9754539616761841,0.7846288540457184
103,6,5,275.3738876288153,150.20393870662653,125.16994892218877,46.30253056060128,4.343245603036961,297.8288274864721,232.5384985095519,1.5442063628004716,2.861931102297005,0.7693994103492275
104,6,7,329.56131632213726,152.10522291790951,177.45609340422774,50.88336751598668,12.92441547549784,318.55599401865743,208.3873955914938,4.223928483971033,2.7649415413502414,0.7936630999625239
105,7,6,337.5151242029723,181.73891303236968,155.7762111706026,55.38775161515328,17.438983154945852,263.47518987122527,174.5712397390671,2.1127986453632004,2.597594817552161,0.7929170863877844
106,4,5,152.40082345727728,67.73369931434546,84.66712414293183,21.542395765286646,2.9825196070361253,173.99810527118146,135.72598588618217,0.4931628659862728,2.3390752757515023,0.7715010177729452
107,5,5,300.1234138567646,150.0617069283823,150.0617069283823,49.00167927551051,11.208545074518243,388.4335145552714,263.0664222164779,2.9135439046155356,2.964700493751253,0.7860693545878978
108,4,5,95.53862072375064,42.46160921055584,53.0770115131948,13.523122085274188,4.047436629383698,107.55856468851032,76.26570968301012,0.1056438704692025,1.6861907385787955,0.7837272340093195
109,4,5,328.3528944110385,145.93461973823935,182.41827467279916,70.87272100112587,13.989212543118391,442.4952551058478,367.55899531567457,5.268233859636281,3.20914498698564,0.7613874137688115
110,7,7,278.6116038176527,139.30580190882634,139.30580190882634,44.56082998859735,2.3804171502250067,342.5414756529576,242.07640486406967,2.648937500295671,2.8961651052211077,0.7810567596302116
111,6,8,127.840175035983,54.78864644399271,73.05152859199028,19.97967276873581,2.816544796923048,133.16046942904433,120.18121853153453,0.4276649286749363,2.206794677104385,0.7528036670824557
112,5,5,274.17814909815667,137.08907454907833,137.08907454907833,50.81444006528116,8.732146646398004,243.6207500891636,157.69333767585644,1.2586905640293389,2.4958744264197517,0.7947909473917999
113,4,8,98.66612083684808,32.88870694561603,65.77741389123206,13.26482301501013,0.5957122791330367,214.62905424955716,171.5732559668071,0.5902670231138433,2.580543544239381,0.7587774981741531
114,5,8,283.11026117417305,108.88856199006656,174.22169918410648,37.11409704000684,1.4395150394217129,412.44162507823535,284.9474835138136,6.9357105568169555,3.027635930154883,0.7841472682609245
115,8,7,137.1466644122852,73.1448876865521,64.0017767257331,25.00243769547679,2.5026433909066883,116.8631192807844,85.79643845995099,0.13703993814018084,1.8233348738804727,0.7802530397708405
116,5,8,254.00870400203632,97.69565538539858,156.31304861663773,32.55160618075121,5.179939659867143,368.8280387506029,255.6665436722141,5.164271454350141,2.941531864357736,0.7841444636195545
117,5,5,240.57057713866143,120.28528856933072,120.28528856933072,52.44388857635399,3.627155893497029,285.6177328245631,225.06042763784612,1.1340711591757182,2.833568282378016,0.7681587158407115
118,6,6,262.6314189227733,131.31570946138666,131.31570946138666,50.84035774508533,8.517430725089708,184.4056899490006,133.83234737424624,0.9750016069023186,2.324014433584043,0.7835155953938404
119,6,7,211.831907466069,97.76857267664724,114.06333478942177,31.46160567529216,1.816308779744228,270.78200284759987,225.4465252372493,1.8558790189560983,2.835067239590738,0.7604677395977255
120,5,6,80.75417713921733,36.7064441541897,44.047732985027636,20.45427840596856,2.105322978540789,107.30951983518928,76.96173895247526,0.04014473391519803,1.696788662641854,0.7798774899823615
121,4,5,235.5857869327712,104.70479419234276,130.88099274042847,61.74506482579785,7.14500462718932,228.16505112010287,166.79241843724813,0.8714573466609239,2.5524773594551946,0.7812646284472511
122,6,7,301.1499552509707,138.99228703890955,162.15766821206114,65.0244539912057,7.32921595274468,394.3080147609624,269.9298740086696,2.9339520056307395,2.9853009948590223,0.7853339996520675
123,4,5,95.32130283676572,42.365023483006986,52.95627935375873,13.720876395600829,2.8132379605292064,89.25452618021646,60.55324228574892,0.07648026092753694,1.417988724591382,0.7900292344857505
124,7,7,231.73327585685723,115.86663792842862,115.86663792842862,37.56314140547149,1.2478176876312894,239.7294769382156,173.2958067521098,1.2599595503125025,2.5903910155461136,0.7805762432402946
125,8,7,161.2877418512141,86.02012898731418,75.26761286389991,26.83952992157952,2.6382562091068964,133.43490389257198,86.28002317645412,0.221361926179501,1.8298614229669965,0.7947250122340804
126,6,6,217.6615659027125,108.83078295135626,108.83078295135626,34.79959818710677,7.947948695917876,247.61243291066967,170.5709849372614,1.084009452783583,2.5747501884662065,0.7857983678051352
127,6,7,295.6014932887641,136.43145844096804,159.17003484779605,46.10491842183165,13.635605880857014,400.4176939793696,300.3115442269552,5.000047521938704,3.0674414219767487,0.7744350203010979
128,4,6,261.9304955731235,104.7721982292494,157.1582973438741,35.24884245522157,9.117582455588009,374.1258004346749,322.30268046458184,5.315917171354282,3.1190595553225795,0.7562636818656642
129,4,6,164.35195437443565,65.74078174977426,98.61117262466139,36.96765708697215,1.829338074406219,158.2661306306243,155.00012692267026,0.6502982457090406,2.4782617093177715,0.7413980202301726
130,5,7,231.5319289313721,96.47163705473838,135.06029187663373,49.63765780744172,6.706245393681728,287.2409258716832,257.3824581426451,2.2785055244645336,2.9469961743594966,0.7521113706374819
131,5,8,343.8498561729501,132.2499446819039,211.59991149104624,59.364523983511816,11.942335682375363,344.2255881653807,297.8388205793751,9.416704828066283,3.061256551943504,0.7600657975088398
132,5,6,158.892079558511,72.2236725265959,86.6684070319151,24.336741270840488,1.6949867361958988,197.043388535379,174.89641589871866,0.7317079852049111,2.5994196885886804,0.7520552189722132
133,5,5,232.1090978966144,116.0545489483072,116.0545489483072,61.41648179894629,1.8031962264084695,129.3396516423697,128.8020579676349,0.3777167239058006,2.2826473712273194,0.7412051965956454
134,6,5,313.70373809157263,171.11112986813052,142.5926082234421,59.277628777091785,2.8221958822239337,257.32848528206165,210.02679956418,1.5631997483925943,2.772045293512164,0.7668066844926223
135,4,5,296.73783394431166,131.8834817530274,164.85435219128425,46.63713708615812,11.982790484033895,317.76379208706624,230.0101519169292,3.3076166659953468,2.852497210993411,0.7817410482106902
136,4,7,340.0310063296177,123.64763866531553,216.38336766430214,47.21899893759424,3.494649851011425,675.1037140663693,545.1225594476828,18.811874978696355,3.435595440501745,0.7588299642045188
137,5,8,126.14463157623727,48.51716599086049,77.62746558537678,16.10874648847701,3.24621223421166,141.02304044367048,120.16525988904652,0.5697720933480476,2.2066480468963663,0.76109409539603
138,6,6,335.1102456901001,167.55512284505005,167.55512284505005,71.27067395515931,5.525532979220556,229.62008712521765,214.33856112871524,2.21268247393341,2.7903444372065604,0.7501414064977452
139,5,4,222.7010589949932,123.72281055277398,98.9782484422192,40.09228736183864,3.447960713980553,168.7330983173921,131.61870052821214,0.43030494848101924,2.3060584588653423,0.7733300733094968
140,6,7,225.1138228104778,103.89868745098975,121.21513535948806,33.94711987876943,9.677878448249594,220.57506517511595,216.47419654912625,2.101612553586748,2.7992076000421893,0.7403925537169638
141,5,7,281.5633355759017,117.31805648995903,164.24527908594266,58.702118222608625,6.978448856339716,359.1245336389591,346.9339294361016,4.782228080265451,3.1704862406591454,0.7400211192663217
142,4,7,335.503710552836,122.00134929194037,213.50236126089567,38.220427144798236,10.629382399461154,388.94704520534833,351.8235679322375,12.936977944424942,3.1799890486469913,0.752593342507851
143,5,5,197.092891828615,98.5464459143075,98.5464459143075,46.2418711799148,1.0843897583765485,219.84951442393805,170.11833986109457,0.4907242049729812,2.5721182666366773,0.7711747177389536
144,6,7,286.4733665121572,132.21847685176488,154.25488966039237,45.57679447492559,8.154326169005126,330.4897429431588,245.64953401285064,3.64884024207708,2.908465589767635,0.7772737691987028
145,7,6,166.2770416862523,89.53379167721278,76.74325000903951,28.280753584665405,1.153877942774684,199.3052409620376,127.19902387128651,0.3226112005209593,2.269032197589644,0.7917568211964688
146,7,5,210.84903218559887,122.99526877493268,87.8537634106662,47.332990429214405,6.740966739892318,201.2473748812844,195.261220764217,0.3320631946902143,2.704956637839843,0.7390931468762191
147,5,6,80.97559776443339,36.80708989292427,44.16850787150912,14.266463066099949,1.9484486492134798,79.24161031331444,66.99477301807497,0.0594163575528787,1.535120536053483,0.7623206876619321
148,5,6,235.0753032178063,106.85241055354831,128.22289266425798,35.05025315577548,5.402630943909049,365.1081760550916,271.5019111138621,2.6596018269617487,2.9899045610603046,0.7726258104559497
149,4,6,113.36477292459104,45.34590916983642,68.01886375475462,24.04888526409267,1.5704453821722946,87.91031157854752,87.0669462130728,0.17373681066339022,1.8403986242830315,0.741314054178549
150,4,7,322.86090739021665,117.40396632371515,205.4569410665015,46.536855920364914,8.615194822822376,325.13506573754773,300.335241618942,9.294910371552222,3.0675003005570782,0.750722705281214
151,5,6,317.24268449216174,144.2012202237099,173.04146426845185,61.172440228590446,10.31982187980109,544.0164105354477,370.0668327459336,5.56802364061176,3.213601252107238,0.7818330100961686
152,4,4,130.24201339404524,65.12100669702262,65.12100669702262,29.197962939739284,5.743151629446429,124.540035548702,87.40679387676359,0.11333379025057187,1.8449177423846899,0.7855243981675593
153,6,8,256.15445215894005,109.78047949668859,146.37397266225145,47.05932942484524,4.852900234515458,410.0933574884908,258.61743785833306,3.317176247630034,2.9508941671429554,0.7921085316968797
154,5,8,144.75865141299755,55.67640438961444,89.0822470233831,20.40508197854434,1.3248873069175535,202.42550072797005,132.19040674005248,0.775960893635522,2.3107325985458353,0.7911033832702139
155,6,5,174.13762161690494,94.98415724558453,79.15346437132042,34.24405319219547,2.102277202751728,220.70020813884733,161.1201508649081,0.346000270448527,2.517703810039295,0.7750695176869099
156,4,5,160.5315041376287,71.34733517227943,89.18416896534927,41.05597426300646,0.9333451216267888,161.8533399619879,135.95256730217324,0.3256579169083671,2.340859253451739,0.762772652718434
157,6,6,149.09342960048525,74.54671480024263,74.54671480024263,23.762134148981318,0.7535694572938016,117.9834913481116,77.15434745905384,0.1960766367795221,1.6997042421401183,0.7941333351470934
158,7,6,203.748148124996,109.71054129807476,94.03760682692123,36.11352268626627,5.684538532517551,203.8148035516473,183.38450068864177,0.7101580811212757,2.6454295862670314,0.7513766244586774
159,6,5,290.3364249706384,158.3653227112573,131.97110225938107,68.16865809529763,11.28285586608977,409.7438854750215,269.0085155030199,1.2103488101416768,2.982583325042931,0.7866899643138506
160,7,6,223.70020391612465,120.45395595483636,103.24624796128829,40.68790343773545,3.7360935447838473,217.5021749884458,156.8842263479983,0.6848280689309914,2.490626095995247,0.7809148607754979
161,5,5,146.82209701684246,73.41104850842123,73.41104850842123,33.70411588879433,2.3497651865438764,117.33416019779932,89.76158414184073,0.14159115389030227,1.8757184095857546,0.7762361037280888
162,4,4,319.0755981147004,159.5377990573502,159.5377990573502,81.29954153372202,4.5946349514704,370.84314074159295,243.01473834461495,1.6425344566226743,2.8994220776625634,0.7906122177899352
163,5,4,243.3472726971644,135.19292927620245,108.15434342096196,61.7476900481523,9.017069307522446,333.08950957746794,225.33163040524016,0.5872955784145762,2.8346215830555646,0.7833672217103711
164,4,6,308.2574022398627,123.30296089594508,184.9544413439176,42.58404805845539,6.909866458903904,324.3925145287677,313.25854700810555,6.904892018482006,3.0985388404271417,0.7429158956392905
165,7,6,91.48888734292156,49.26324703080392,42.22564031211765,18.305554372153782,2.086263480296429,104.4955979463744,69.04440199925213,0.038246132316285486,1.5701936684646922,0.789142007608725
166,5,5,124.40024918492716,62.20012459246358,62.20012459246358,27.758723972730373,2.102489116912661,148.69850687371454,93.69048245901496,0.11217338639518452,1.9251941490828566,0.7945385400926663
167,5,5,320.66759566655514,160.33379783327757,160.33379783327757,67.84491402159499,15.349027590804011,262.4465438885366,205.7385028268925,2.0293778365684876,2.753288214920006,0.7734287430789935
168,5,6,173.8440798563611,79.02003629834596,94.82404355801515,38.28368872275023,2.5731492313991824,239.70924076795217,154.81859762468534,0.5450924779112923,2.477059717457759,0.7910432115430974
169,6,6,92.33564606016176,46.16782303008088,46.16782303008088,19.68081288909382,3.973841859529697,125.90100529039884,79.12151316591635,0.05673860275603495,1.7290646009735537,0.7936939862293766
170,4,6,297.42788828731403,118.97115531492561,178.4567329723884,61.59871358165101,4.292622790986435,417.8016465847362,301.65214396801986,4.7554466290766255,3.0707606325752996,0.7793145378590787
171,5,8,157.59077477964374,60.61183645370913,96.9789383259346,23.21031375200688,5.512687202833424,235.63373373229396,229.60039530490053,1.6919585944530353,2.8509535594999638,0.7370178911729077
172,5,5,164.6846459048055,82.34232295240275,82.34232295240275,24.73390539151957,7.620802077469631,173.4840127248654,124.08674201572086,0.41971368863036274,2.2419723359963255,0.7824741879783511
173,4,7,220.7739811905905,80.28144770566927,140.4925334849212,46.885079759504265,7.116863065308295,355.48198351169657,251.13187656268025,2.7415770625527136,2.9268145031118036,0.7811583855310367
174,5,4,315.5778248386641,175.32101379925786,140.25681103940627,71.87102848392472,6.375715123914176,343.1361599208012,238.72221069657843,1.2592307232152489,2.884363337798521,0.7833853590342257
175,6,6,139.8996325360009,69.94981626800045,69.94981626800045,22.71340491152514,6.229285245708821,165.49444540811274,110.90362041686367,0.278956712013777,2.1173040136863803,0.7886210370672544
176,4,6,171.196041837072,68.4784167348288,102.71762510224319,33.35062810899707,2.7400353344574264,265.65410598187725,192.30939658184317,1.0377781622050353,2.6906558300024486,0.7774901954326573
177,4,7,101.95398148466327,37.0741750853321,64.87980639933117,18.64177996806409,3.3090665221750544,109.72360499318292,89.77606007404322,0.21847954374878498,1.8759050323042978,0.7673294062983346
178,6,6,193.45889247979096,96.72944623989548,96.72944623989548,42.59387394743125,4.754679076109583,154.51569217276165,144.35857732289156,0.4524158028477664,2.4044389589343176,0.7489987559368333
179,4,4,276.6890939688579,138.34454698442894,138.34454698442894,63.52613517293765,3.104083560585031,197.16637248688696,165.1041250388551,0.9367073118483329,2.5422990965133954,0.7652659211497178
180,4,7,331.14605420237075,120.41674698268027,210.7293072196905,59.905269787638716,7.9648137986749985,488.629938292942,465.2520183193169,13.458776085032811,3.35215420186893,0.741260706555255
181,5,7,325.059259708195,135.4413582117479,189.61790149644708,61.12979302286358,4.87311974882964,240.379021633766,234.19408825097767,4.734313208813845,2.8680249290022024,0.7440293510612911
182,4,7,89.5041188083609,32.54695229394942,56.95716651441148,12.877099101702957,2.735894547563751,100.71255983391454,97.57902650967976,0.21270585000042183,1.9719435954729483,0.7424163347375301
183,4,6,266.95077764692394,106.78031105876957,160.17046658815437,35.096788647523525,9.031408616337389,290.96515838187787,214.1777301065544,3.6169094824232224,2.789671667071202,0.7801223335299731
184,4,6,147.48849550360632,58.995398201442526,88.49309730216379,25.382185516467555,4.1427609892770825,148.4168599540571,117.45931950498372,0.5017038508309198,2.1814338692445774,0.7717069746788638
185,6,7,149.73283689567626,69.10746318261981,80.62537371305645,23.752258956318993,4.525195157163032,170.50639361791434,144.0538781204211,0.565308042828827,2.4022195680662937,0.7607133995463098
186,5,5,205.58355086855624,102.79177543427814,102.79177543427814,39.4913598323749,5.917685974442676,144.057756278405,108.9954420273805,0.4512790748384908,2.097778965916361,0.77853757937397
187,7,5,323.7592482542775,188.85956148166187,134.89968677261564,67.43362840295786,4.613624051908267,297.1568182455642,237.3759067810127,1.169979803493973,2.8795550732234827,0.7675073210041939
188,6,5,185.840058596157,101.36730468881292,84.47275390734409,31.697029933310013,5.965266620299039,204.9097376975498,153.76973170225978,0.4629025806935893,2.4700773244971086,0.7746933088816377
189,6,4,188.7484223448771,113.24905340692627,75.49936893795083,44.68441321899423,1.5099353323526332,145.06291995262248,132.67477394800338,0.13694313462156393,2.3146725365516403,0.7500172509649994
190,6,5,343.5710182955053,187.40237361573017,156.16864467977516,66.86618620207867,6.0844995105895405,500.2071642196975,327.11145239396853,2.928725777525913,3.1295945491821326,0.7855787595090761
191,5,5,347.9734126614254,173.9867063307127,173.9867063307127,55.60798935373881,15.487599815043884,209.49933852579676,193.40399533439452,2.913801737456979,2.6959955660721517,0.7527602296003589
192,7,7,238.18290319912845,119.09145159956422,119.09145159956422,40.19780484908971,8.246546142123934,282.9476452399083,207.64283549122507,1.6067607436101348,2.761688052726651,0.7777300921420798
193,6,5,225.7038392706115,123.11118505669718,102.59265421391432,40.74626253315431,11.928877559336708,178.096107690573,172.99427381393463,0.7617603690085357,2.5886770907355783,0.742816117361586
194,6,6,196.3944675032516,98.1972337516258,98.1972337516258,33.886983107561655,8.756937848997104,152.1401119172708,110.14319923567628,0.5143875379630976,2.1095713942240417,0.7834028934991208
195,6,5,112.38197213881284,61.29925753026155,51.0827146085513,22.70724272586064,1.821336322246354,146.0922796808204,93.0924904869862,0.07570364883823308,1.9178129910146275,0.7906656614271557
196,5,5,159.11778710241512,79.55889355120756,79.55889355120756,35.71846259532897,4.629446579036941,181.2735863388168,129.3792584649249,0.26750021644363847,2.2874974563034427,0.7814882103757418
197,5,6,316.5871433153568,143.9032469615258,172.683896353831,57.79624170134126,2.0411749400271333,502.4364070628031,343.2962661204276,5.179519907513189,3.1632724737274263,0.7819671690305778
198,7,4,133.12500379762275,84.71591150757811,48.40909229004464,33.46689773395263,1.9450727890688448,184.91115989383349,121.77093797098112,0.024938629936185838,2.221282046987974,0.7801855743519349
199,4,5,162.93225347872152,72.41433487943179,90.51791859928974,33.77429204351468,1.743157971683106,202.13123678617208,164.52062017080883,0.5440147587410625,2.538747938484774,0.7645988537320294
200,6,4,104.181676507639,62.5090059045834,41.6726706030556,24.55082452287361,2.893454611271419,61.97513737626651,59.54038871468583,0.017451289912063944,1.398550700323675,0.745439419750768
201,8,6,337.5969198470748,192.91252562689988,144.6843942201749,59.00384397960965,9.414097137224656,407.93818287536544,277.2273259186111,2.380772447335476,3.0063235466266067,0.7841637299071414
202,6,8,150.05594414286912,64.30969034694391,85.74625379592521,22.49895781386597,5.99746418294191,171.69901096078615,123.82678606404735,0.6434135598361035,2.2396738038744153,0.7817979926398815
203,5,6,135.1183445620149,61.41742934637041,73.70091521564449,26.92211866741946,2.097633064517625,197.27177515872307,158.8237520505377,0.38805023104347924,2.5031460793411937,0.7631152671434815
204,8,6,257.10409264571933,146.91662436898247,110.18746827673685,45.88171048731274,5.189035965424401,208.04522143840285,190.34612210363804,0.8847676053930871,2.6809680984774364,0.7504824369928553
205,4,5,295.0863877778036,131.14950567902383,163.9368820987798,53.86587464271996,9.697481727125588,426.5590803352242,319.5556814471689,4.170011588484215,3.1129262193963236,0.7736492771381689
206,6,8,256.85541302606384,110.0808912968845,146.77452172917933,38.00068235113933,6.092472780245823,274.69627127818444,256.3940458074962,4.085490153223357,2.943855496416156,0.7475079458181221
207,5,7,160.76445465389992,66.98518943912497,93.77926521477495,32.869250473050904,3.653202144597205,191.47039181609196,163.4430618828664,0.7214669892188799,2.5321443314969043,0.7595082938770683
208,5,7,235.35935705894445,98.06639877456018,137.29295828438427,37.92501218596127,8.116884715006908,229.50098864548252,184.2169639000849,2.253982024261868,2.649779726087265,0.7699974800688208
209,5,7,133.84286244423276,55.767859351763654,78.07500309246912,30.425202847397784,1.1721137517808438,266.0759991688502,172.98406304988654,0.4444103056838358,2.5886189793995316,0.7842116034858148
210,5,4,85.39490009191003,47.44161116217224,37.953288929737795,23.380512696075943,2.5654810462744666,66.6280251073647,62.2439494746081,0.01321882453591064,1.4497965022148063,0.7483139044334712
211,6,6,333.8161054053249,166.90805270266245,166.90805270266245,60.286468637959445,2.9319373675197222,314.69816087857635,236.28001969511237,3.052837605069592,2.875610454076647,0.777040915470187
212,4,5,115.6419327698525,51.39641456437889,64.24551820547362,20.69620761654214,2.722777463070553,81.23051832977845,80.42507967550773,0.14076181379285196,1.7481111752960303,0.7416063682768222
213,4,6,126.65982332371028,50.66392932948411,75.99589399422618,15.333460064440212,2.997763484083663,143.50710210562812,126.97321991575716,0.464138956057518,2.2670969936213097,0.7553251729036194
214,4,6,191.79045044787853,76.71618017915141,115.0742702687271,36.530506516183785,1.0436785200588925,302.12470974194457,188.95164929965983,1.2777349778628972,2.673999571782743,0.7936709829932066
215,5,5,212.64355463837384,106.32177731918691,106.32177731918691,50.200190184454854,7.3961366625497895,117.1859871918928,107.54496696904276,0.3578831372475342,2.082664201531476,0.7539175243253147
216,6,7,122.3773044792752,56.48183283658855,65.89547164268664,22.656282781734838,1.2549352776236058,192.99282168510683,127.50862966380788,0.27465017746844483,2.271678591766445,0.7858770812139391
217,5,7,187.64960007247868,78.18733336353279,109.46226670894589,33.49895737713759,7.229705121531396,164.26028873440777,145.74049784242982,1.0281546171862201,2.4144277854721574,0.757175854935423
218,5,4,327.7425810073919,182.07921167077328,145.66336933661862,58.8761470104157,14.49229242023894,360.20054463899885,300.3109179560995,2.442869278246614,3.0674398658422732,0.7609004123047434
219,5,5,145.3294300538132,72.6647150269066,72.6647150269066,40.21737820217055,2.7605851507065875,121.98975165995932,110.75963342211124,0.10836017865241382,2.1158446883630697,0.7527315748372767
220,5,7,184.258528039066,76.77438668294417,107.48414135612182,31.01497841624647,3.470230505453118,284.56794290810154,218.76323827633595,1.5696423044702832,2.808564332100795,0.7695714438756209
221,7,6,309.004758032066,166.38717740188167,142.6175806301843,66.86808416459085,6.3031012505184,243.3041586691333,164.74233330707474,0.9659610294067227,2.5400993008952595,0.7901038556961468
222,6,4,102.40741640904876,61.444449845429254,40.9629665636195,20.21938945612472,2.312323105670387,112.14423549579706,88.32929985398718,0.03867494242891008,1.8570899384685278,0.7661680151251599
223,6,4,91.80207959542442,55.08124775725465,36.720831838169765,18.896462416221283,4.195334393855731,64.48222486280646,61.51797298588575,0.01999539826241399,1.4362350074141108,0.7454993024422079
224,5,6,92.53194507190936,42.059975032686076,50.47197003922329,15.07833205176852,1.0945851312685155,113.8109135017742,97.2532679929248,0.12496912168669204,1.968108216011461,0.757732728509175
225,5,5,241.34459974579403,120.67229987289701,120.67229987289701,57.85239782848732,2.9141519430327967,242.3947588796169,201.81059427589585,0.8577852132779675,2.735597526837588,0.7629965990280836
226,5,6,178.71636583779787,81.23471174445358,97.48165409334429,44.51853772162993,5.6758941102196125,141.51393269950862,128.39877482030374,0.3710855258124414,2.279242339049418,0.7541207180686276
227,7,7,158.06992318294374,79.03496159147187,79.03496159147187,31.603801529531992,2.965318836429239,182.937262596274,123.72955448465164,0.3023712724239026,2.238812536426074,0.7872610549302459
228,4,6,178.8941998291962,71.55767993167848,107.33651989751772,36.81064357295646,4.887801715380261,292.76300631704606,216.16861904353448,1.243907759652758,2.7979473847500405,0.7744168432918936
229,5,5,114.01763550125004,57.00881775062502,57.00881775062502,25.548135282483372,1.0842236774518532,67.69579925533567,61.71504770393869,0.05593991832456348,1.4399306742156324,0.7543559431781888
230,5,6,97.54725181077823,44.339659913990104,53.20759189678813,21.319187034321594,0.9028912796344045,115.26956058072132,87.77900577695047,0.09115853471584706,1.849845572348618,0.7736941469528746
231,7,7,340.4075218700256,170.2037609350128,170.2037609350128,54.11320699975636,14.076526218544315,475.5258742091202,332.8384533975247,5.817098846093301,3.141817067311082,0.7811430286092477
232,4,4,247.6680374539945,123.83401872699724,123.83401872699724,65.77337441541813,7.208637770672419,220.75213213308567,178.44791312990276,0.685375840692198,2.6190456426421234,0.7685380454415447
233,5,6,114.74238943506955,52.155631561395246,62.58675787367431,25.31699860425277,4.47687317833351,100.61938877577572,84.4154005972392,0.12316270169153193,1.8044781201267364,0.764511775497066
234,6,8,208.4189737703902,89.32241733016723,119.09655644022298,30.120506717064117,5.86716948086735,229.99344475741304,185.56321456818225,1.9518240038586008,2.6567559024782654,0.7679398288989817
235,7,6,254.79993751844583,137.1999663560862,117.59997116235961,43.061663792113855,9.253103021998816,306.62700403552947,233.0611839650013,1.5457684058569316,2.8638620565719726,0.7720765394759664
236,4,7,144.45619091703375,52.52952396983046,91.9266669472033,18.22087928333348,2.554363105380772,162.64842504596484,128.45689145740468,0.7748625581099348,2.2797338665066786,0.7713691180056671
237,7,8,174.86557745965314,81.60393614783813,93.26164131181501,30.461377543257207,3.963853487429221,244.30451082450872,156.8931477730943,0.7768605892440124,2.490684164835814,0.7913551480306643
238,5,5,276.46403128572484,138.23201564286242,138.23201564286242,74.8509836731768,8.910657279792904,167.4727678597114,155.34260579553745,0.6275482075524136,2.4805242660549047,0.7519265486495478
239,5,7,171.94309843322247,71.64295768050937,100.3001407527131,26.94532515028752,5.564743449071926,144.78549754965314,129.01206950694598,0.8292853514278024,2.2844152267761615,0.7567557817449928
240,4,6,294.8733622161218,117.94934488644871,176.92401732967306,58.72124348066554,11.054527909527325,310.5689577080417,237.8170353140688,3.915422675942652,2.8811351029888788,0.7756280570558307
241,6,5,223.05366897823544,121.66563762449205,101.38803135374337,50.45863545697479,2.5294139068664356,205.86038386552164,133.33943614115367,0.3562751906745069,2.3200492116006846,0.7933196094129882
242,5,6,241.0502626168577,109.56830118948078,131.48196142737694,41.34453689097876,6.026534937646768,343.8256004593011,264.5516882947701,2.492620179741322,2.9692290980566134,0.7699187177587299
243,5,7,257.4212223643806,107.25884265182525,150.16237971255535,50.42044240050194,1.1918064544401779,210.5638785074526,187.7238880848913,2.216266564607481,2.6678029068795306,0.7565671919173346
244,4,4,200.4254210811881,100.21271054059405,100.21271054059405,42.09203639269401,9.974049867388972,199.622326191483,127.95575024725888,0.44814511448272754,2.27548616102969,0.7952117778644447
245,4,8,255.2609040450253,85.08696801500844,170.17393603001688,39.61669284376641,6.723036225168968,668.1263637014675,443.5767017393255,10.352766232833412,3.3250757335875543,0.7783216299924166
246,4,6,103.03406211913232,41.21362484765292,61.820437271479385,19.41124714253523,2.5247411041643195,225.6990660678101,148.72849103844894,0.2966901519109672,2.4356038054185483,0.7814522421661747
247,5,4,128.20997499173535,71.22776388429742,56.982211107437934,38.65996786957943,1.164778914825657,97.84720682733972,83.78492436582175,0.025417351993164482,1.7957605144324584,0.7607550633866913
248,5,8,246.55795063457515,94.82998101329814,151.72796962127703,45.05634271108233,5.85827404929984,570.8696908745155,386.7536103565467,5.95017415285986,3.242020003417528,0.7771608925655475
249,6,8,143.31163823518438,61.41927352936473,81.89236470581965,20.799388353869208,1.3724626652270984,183.65096133720007,158.3055019731184,0.7545517857707572,2.499821062769762,0.7564985407805725
250,4,5,255.6225379014961,113.61001684510937,142.0125210563867,60.44418112574791,8.712227928410003,306.7870795424898,290.4104865675294,2.2034434206930134,3.0421730824210536,0.7436979574465935
251,4,8,327.59300767404955,109.19766922468318,218.39533844936636,45.68194467480124,6.079815955962991,676.0381914000387,512.2335409205524,20.566299328047158,3.4039849981127843,0.7680151143874625
252,4,6,122.85596597097944,49.14238638839178,73.71357958258766,17.94495176956367,1.7533003370859308,244.90580386606305,179.90136736103435,0.5875150447871765,2.626919880330532,0.7701317606933472
253,7,6,292.3933522208921,157.44257427278805,134.95077794810405,51.564374140657655,13.187820645498793,234.1398473418261,148.7657648935175,1.203606861598248,2.435864395223492,0.7970868169557888
254,4,4,101.36101809996356,50.68050904998178,50.68050904998178,20.183063824015253,4.082615480158626,130.07457329879867,93.29770151848194,0.08218171567601727,1.9203518714629382,0.779550901354449
255,6,5,281.45372429562946,153.52021325216154,127.93351104346793,58.14597735786093,7.856729965573217,284.5855766480002,258.4072554315425,1.4293860991778604,2.9502328029815046,0.7496446006503718
256,6,5,339.12563979721114,184.9776217075697,154.14801808964143,79.23908105193074,13.026703137148075,475.5094320863513,321.9120925911452,2.0189827019360105,3.1181926513875933,0.7832706834347795
257,6,5,223.2052277942473,121.74830606958943,101.45692172465785,47.66665244113156,8.846191809138453,172.37206094652126,155.02899335371495,0.5000148201316797,2.478452672868911,0.7544208339887615
258,6,7,210.05192422949412,96.9470419520742,113.10488227741992,41.81297492874828,1.2561953307137008,213.64752060106775,168.18254796624058,0.9867748164942044,2.5607519827097613,0.7709974425412918
259,6,6,296.11920398403925,148.05960199201962,148.05960199201962,46.86366737042914,8.657781685831495,280.16556428657776,214.6314095750531,2.552632877249945,2.791567528834254,0.7748871552445753
260,4,6,256.3120352911483,102.52481411645931,153.78722117468897,55.74006843873275,4.7246619081405985,407.3024913187696,376.787383319417,4.252471377527328,3.225299304667507,0.7430071035843799
261,4,6,162.51811363495904,65.00724545398361,97.51086818097542,25.06397147110819,1.6959826356026568,260.91376084060187,194.2635127868387,1.0818580040405432,2.7001580853731344,0.773214007762647
262,5,4,155.22761979438133,86.23756655243407,68.99005324194725,43.425825276926446,6.490163650321977,167.02292867449802,147.24218060722353,0.11140860061428104,2.425141442350373,0.7531868547542387
263,6,7,253.60060441467263,117.04643280677199,136.55417160790063,47.500622632568074,9.431746133022571,232.83487574804784,168.0332015389209,1.6188736625625655,2.559867549850185,0.7830429798957369
264,5,8,286.67682740221005,110.26031823161927,176.4165091705908,42.08982050877861,7.316650022596985,289.95071250199555,274.4621060220234,6.680532167990912,2.998460794550518,0.746693096976999
265,5,4,164.98570717241634,91.65872620689797,73.32698096551837,32.244381902238885,1.337242236897522,173.17206836429926,137.50370544720386,0.22482029692037164,2.352969896391022,0.7670478265158936
266,7,5,334.99150886332427,195.41171350360582,139.57979535971845,68.40623789438828,4.93893246106355,353.489551823609,321.18377674075884,1.8023133800401785,3.116571599979924,0.7468427405017196
267,4,6,127.06963685199644,50.82785474079857,76.24178211119786,28.64528488513658,2.3667980661025334,235.17250532957428,177.40698966695786,0.45337443763231017,2.6133506030803155,0.7687572665773043
268,5,7,306.7409453492099,127.80872722883744,178.93221812037243,42.374687040235386,7.206693831063574,544.6152057310187,396.8736404468983,9.209300327970224,3.258276008660869,0.7737301551638917
269,5,6,207.9140995813189,94.5064089005995,113.40769068071941,28.492340017112436,2.678630357626263,179.47496235988694,129.13825078167412,0.9558774879710781,2.2854756584824227,0.7836046384596959
270,7,7,323.5377016529038,161.7688508264519,161.7688508264519,56.8706415943353,3.870785074237004,306.03340651807224,255.16650604555736,3.406022588659718,2.9399288129132457,0.7634841938743135
271,4,4,150.3279285258675,75.16396426293375,75.16396426293375,36.45720191807092,4.049005749063889,110.30138076159488,93.67919819575472,0.14252761881499637,1.925055349185264,0.7633550663874714
272,6,8,83.43923187873978,35.75967080517419,47.67956107356559,17.85520890642329,0.421413831539388,101.6970466609912,97.69336352208634,0.09436624275608535,1.9732863332919144,0.740790703754923
273,6,4,320.3667092379038,192.2200255427423,128.14668369516153,80.82948835152231,18.32435245922252,448.83521208753626,290.3825873551388,0.8130684763538726,3.0420999464328267,0.7869323796143097
274,6,7,104.35158083909202,48.16226807958093,56.18931275951109,20.69536343367184,0.9574368361852192,93.10729333279278,68.23184957245985,0.08797280716256313,1.5564094086285063,0.7810801730598307
275,4,5,98.11078846818968,43.60479487475097,54.50599359343872,18.781531182181105,2.9721277070930134,111.36723280077616,107.1978644005027,0.1366620774116407,2.0790115122829387,0.7417753491966941
276,5,5,129.01855278570278,64.50927639285139,64.50927639285139,37.32187161873865,1.1744392416826923,144.7488794037068,108.37996030998004,0.06751267954137491,2.091394504566528,0.7753632032006114
277,5,6,176.8457268900234,80.384421313647,96.4613055763764,38.95976624302544,4.47254554319494,154.90313582900313,138.7559302168391,0.5068740671373659,2.362618526442978,0.7551579721221453
278,6,7,232.34686273937956,107.23701357202134,125.10984916735823,46.96770379025949,4.7771643117108145,363.9108822263063,251.28296668512627,1.8320838639455357,2.92731145742658,0.7812405728987368
279,6,5,90.24626013275083,49.225232799682274,41.02102733306856,18.494291240051407,4.768073197915409,72.36201703443852,48.20043431310536,0.022568374645707795,1.1591009240235366,0.7921102601664991
280,6,4,83.96366619112085,50.378199714672505,33.58546647644834,18.044618993856798,3.061744344788146,68.50355577605191,63.6261570725832,0.015728382068290313,1.4752239592363245,0.7477846838480802
281,6,4,212.9611756135072,127.77670536810433,85.18447024540288,45.1524727154498,1.7228511942423133,185.4977659719331,121.57254189462284,0.204746474665798,2.219486828492937,0.7912743622518051
282,6,8,267.47379411983053,114.63162605135595,152.8421680684746,43.448396921159805,6.176335507526121,470.6968558055793,296.0742445544106,4.775816641111223,3.056792528351616,0.7907796863253131
283,5,4,140.1587442124958,77.86596900694211,62.29277520555369,31.71781314170085,1.614602684262898,116.07999800818004,100.05197632393283,0.09490612387545187,2.000593838756058,0.7590656862646624
284,4,4,296.26229658149714,148.13114829074857,148.13114829074857,49.46260272518958,7.299689583635758,403.5697627933927,271.55172321268776,2.426353968108729,2.99004974854736,0.7856360895279735
285,6,5,238.03250682646183,129.83591281443373,108.19659401202811,53.47105200193767,6.6346620557152045,191.2263574420496,153.72266727284747,0.4956958376157019,2.4697625111966777,0.7693673780702541
286,7,7,277.45523836048994,138.72761918024497,138.72761918024497,41.95182826194713,7.6680854118628625,320.53087003375066,250.68650194695888,2.96070405023757,2.925346927466461,0.7699031129023712
287,5,7,256.812681106872,107.00528379452999,149.807397312342,53.92883268686398,5.418359192460459,280.1204314923434,183.68549279703504,2.0084886251531318,2.647005689358041,0.7928327882924012
288,7,5,310.4282211904638,181.08312902777052,129.34509216269325,64.28075779319738,14.656509423997813,234.0849085894399,195.47893588116685,0.9348028913055704,2.705999049945353,0.7645074604376192
289,6,7,133.702143880056,61.708681790795076,71.99346208926093,25.614921955898357,1.20637621425326,145.2157629794309,131.47629845728292,0.3239939272976508,2.3048901853865322,0.7508619230676861
290,5,6,144.90930045571417,65.86786384350644,79.04143661220773,29.409993744757564,5.88386741056247,220.67117224080155,150.87566619910848,0.42806182517526314,2.450474963108791,0.7837811998655673
291,6,7,83.74741958413094,38.652655192675816,45.094764391455115,17.761169258788748,2.2950676941964283,73.39165471208516,61.28597618404854,0.04471143430120277,1.4318707632299632,0.7649043663702214
292,5,7,136.57141722277558,56.904757176156494,79.66666004661909,30.96399148977626,2.9062278308081138,191.1361501954555,174.17442224018208,0.4725053177399477,2.595361446598918,0.7474551731094374
293,5,5,302.521336567837,151.2606682839185,151.2606682839185,71.133442521688,12.576792525616195,320.6374381150971,226.29316078018485,1.6590861031093371,2.8383407074568474,0.7838862878096906
294,6,7,144.9991125211872,66.92266731747101,78.07644520371618,28.325103344611215,1.090346334249672,108.05725645753964,95.87444641466004,0.2593986176174362,1.9517124570478084,0.7573795426603831
295,8,6,262.5035735234321,150.0020420133898,112.50153151004234,48.20058083472451,6.505031928276896,373.4270134732526,245.80519900887845,1.1526358074464549,2.9089952373548864,0.7844267561104342
296,4,5,105.13766477182703,46.727851009700906,58.40981376212613,17.074107898160527,2.3375485783331054,136.39870514818264,109.38057008905736,0.17487056140898005,2.10175226255702,0.7662334728120003
297,6,5,99.51114373781957,54.27880567517431,45.232338062645255,21.10769379974352,5.034398369754267,103.24738876495518,87.24695461703057,0.0537024792613236,1.8427946408846705,0.7603507912982048
298,5,7,240.3072266348159,100.12801109783994,140.17921553697593,36.89622042871783,9.24780574180804,220.10764786950145,197.89587251979,2.6365309369597987,2.7174595322081374,0.7549426894751006
299,6,6,130.66976855774567,65.33488427887283,65.33488427887283,20.01200808134657,4.3781408465723,126.37428104053753,103.89962929280976,0.23241864311116123,2.043595722453143,0.7655881884983836
300,6,5,285.0833060159473,155.4999850996076,129.5833209163397,64.40887854497885,7.435382352970422,301.9483189742881,263.98057900195107,1.245404328213554,2.9674924710126676,0.7544703972339419
301,4,7,289.7256591787002,105.35478515589098,184.3708740228092,44.35740713466728,3.5673358011728813,377.8529399779741,345.77893922792,8.227062426507565,3.1682093199764028,0.7490743148614697
302,6,7,283.79587666422816,130.98271230656684,152.81316435766132,52.24949202236865,2.917134042827992,301.5711878902683,242.76576738714695,2.97737066686498,2.898559769738882,0.767680950421178
303,5,6,280.06895567864194,127.30407076301907,152.76488491562287,49.47702793775922,2.7802503913426118,290.3659307344847,241.4691892622068,2.903851939601359,2.894047155693215,0.7637286689672435
304,4,6,200.6031027938021,80.24124111752084,120.36186167628125,44.20889994591786,3.781761878257124,242.58536480176585,161.96958511472872,1.0531433819476932,2.5230172056445657,0.7901659941916332
305,4,5,151.67042696471202,67.40907865098312,84.2613483137289,38.26805099738365,6.656203323711208,194.3057141409737,164.6664610828193,0.38977250490378856,2.5396371339623793,0.7593912750283814
306,5,5,118.32199062167334,59.16099531083667,59.16099531083667,18.82492215155924,4.091757659057928,102.37510219561976,99.95997098220523,0.15978756350741138,1.9995424208455226,0.741619232120883
307,6,7,177.12745522494924,81.75113318074581,95.37632204420343,30.39601015099328,3.2928416377155934,250.0753388622449,181.6545242373242,0.9308784066906907,2.636299122175767,0.7769642634699696
308,5,6,143.9770550288047,65.44411592218395,78.53293910662074,29.31132246146296,6.444385885191805,169.4527639308049,127.4765014579889,0.3515817321226194,2.271404348259049,0.7760231763406875
309,4,7,336.0941068969086,122.21603887160313,213.87806802530548,69.69685557788273,4.966916577979244,512.152028896081,324.1198649385552,8.356737701161999,3.1230704589111777,0.7939192275569367
310,5,6,132.27961228796076,60.12709649452761,72.15251579343315,24.966657301691274,1.4009889629564205,166.7098740297626,115.45582053725671,0.27490878972854277,2.162303472728294,0.7843522031770125
311,6,6,235.16478922698371,117.58239461349187,117.58239461349187,35.77609218106161,10.296960734995439,303.5561746100875,194.9403740987008,1.5392481049814364,2.7034173707115556,0.7921662876366417
312,7,5,125.691138385054,73.31983072461483,52.371307660439165,23.299893528487868,3.0947627143130862,112.6656651547234,78.09223544041964,0.0660700051379384,1.7137965293072437,0.7855748518169352
313,4,7,104.55816784554534,38.02115194383467,66.53701590171067,11.477356611708824,3.0392997530267305,154.54915461050325,104.97586371325406,0.34393032211590385,2.0552947890966298,0.786834078357176
314,6,4,285.55798909372874,171.33479345623724,114.2231956374915,55.82754876094639,3.156004205513766,229.007038197099,143.27010529994357,0.5082133631209137,2.3964821956766134,0.7971001844460537
315,7,5,268.52589936324466,156.6401079618927,111.88579140135194,52.628520078682364,3.3256975020374147,299.52112826799123,235.822822255638,0.9076431669090824,2.873956560010448,0.7661575839930868
316,4,7,154.66276842508523,56.241006700030994,98.42176172505424,27.55992142705048,3.556093615825403,178.81763153849496,138.34917345443333,0.8238137920881378,2.3594968082932266,0.7738253367396356
317,7,7,168.75406827929532,84.37703413964766,84.37703413964766,30.085494227604286,6.384193578547943,246.08983372762887,166.66443431905714,0.5932580304998891,2.551710759648179,0.7841351237779217
318,7,5,240.1705838578,140.09950725038334,100.07107660741667,48.566406432222,9.456477546141635,221.03839217911576,208.4826306651293,0.6275270499521378,2.765356455248061,0.7443883465070013
319,6,5,248.55776345677668,135.57696188551455,112.98080157126213,50.65497609624734,8.836383897006415,247.5910252928273,218.8215001249687,0.9706413507239511,2.80880058181196,0.7540899771720617
320,6,5,250.39860401862296,136.58105673743069,113.81754728119226,45.767744322774696,9.19283232689911,288.4523096925349,223.49662974286773,1.1769254426282747,2.8274574480070394,0.7700928511118492
321,4,5,243.74103354605825,108.32934824269256,135.4116853033657,48.93842276146382,8.698919910384847,306.2718829261255,225.0833480611488,1.840593144789066,2.8336573746548597,0.7781351253702028
322,7,6,176.3226944377296,94.94298931262364,81.37970512510597,34.161776683711075,5.346864106595634,201.17045594086164,150.8714999150954,0.37384116974265114,2.450446381541876,0.7744237535970657
323,5,4,136.2931872336586,75.71843735203257,60.57474988162605,39.523633113534494,6.935466707509436,146.19806017107226,99.3170369861357,0.04751820240963077,1.992164127779219,0.787130512446889
324,5,8,269.8655154026534,103.79442900102052,166.07108640163284,35.42455869981939,1.908796951507508,604.7089111615214,382.6983953376297,8.588101980593244,3.2353042886641195,0.7854297774489218
325,5,7,132.3884373553264,55.161848898052675,77.22658845727373,22.674116769341744,1.0356180517427738,134.9252327776448,102.45379644930084,0.3427760118212193,2.027655609498351,0.7763149980443882
326,6,5,153.68478919503514,83.82806683365553,69.85672236137961,35.4267814110602,2.079237818141862,136.95083340801494,133.85356574642157,0.16275914588620405,2.3241847044883563,0.7395801327253585
327,4,6,260.9239073219915,104.36956292879661,156.55434439319492,35.685611466636466,5.594028410763589,380.2121729492683,275.48900774611616,4.3330130001864084,3.0013952156424564,0.7785179679057276
328,5,7,156.6733814795017,65.28057561645905,91.39280586304267,32.76917825229827,4.889115718585731,178.43628410956364,118.69101299152727,0.47065854255335626,2.19299824708279,0.7910645506936306
329,6,7,246.0206525489745,113.54799348414207,132.4726590648324,35.06310060857967,2.885084270402771,274.36173988533864,182.0349585941558,2.0576234811142062,2.638317519475508,0.7904911482774251
330,4,8,313.94552612003724,104.64850870667908,209.29701741335816,54.53593607054533,10.315317082365066,409.1303848521503,380.86455343246587,12.564296662294788,3.2322280875653773,0.7474803967141832
331,7,6,122.19919554414994,65.79956683146536,56.399628712684596,27.20083440059452,1.5952670277257548,99.28456388169566,83.48995920977262,0.06429621290117919,1.7916582113776036,0.76309396995944
332,4,7,214.0181697263237,77.82478899139043,136.19338073493324,46.44504608692613,2.9152969771902235,328.140554382064,222.18342368302805,2.1638469411026,2.822276169840128,0.7863932594200228
333,5,5,124.1330241581841,62.06651207909205,62.06651207909205,29.24493056716153,3.962477874273158,193.7770250815674,122.10301425394871,0.14058581151258798,2.22427880504629,0.7907563553123947
334,7,7,190.42146381551385,95.21073190775692,95.21073190775692,35.692965202055255,2.889652940792303,273.0797902348221,173.48918281728942,0.7144418149170549,2.5914879833729016,0.7908511169580801
335,5,7,118.74981154935396,49.479088145564155,69.27072340378982,17.80769901173687,0.7099561713830924,122.67961696010356,91.95852761283123,0.2649874699813475,1.9036710193585737,0.7777588125332913
336,5,6,94.23236062964403,42.832891195292746,51.39946943435129,25.171923388391775,0.42855829706652615,61.92031538922191,57.22279300744522,0.031792347253817604,1.3529526034116361,0.7522361198201645
337,5,4,263.78867130357,146.54926183531668,117.23940946825334,61.31413138201189,6.045311052162489,383.38664152584033,259.16536593899355,0.9326216213134709,2.9526143769671895,0.7815220270421507
338,7,6,209.99790000931984,113.07579231271067,96.92210769660915,42.5133650479758,5.287227350665038,251.78969015228208,189.28844795716324,0.6158119321372046,2.675689373843805,0.7731599033523989
339,5,5,205.4856909152924,102.7428454576462,102.7428454576462,49.20616230223187,9.203235795454445,242.7469015400134,178.25746829357718,0.5741711297847264,2.6180071910287035,0.7779748564933369
340,7,5,85.6468130564411,49.96064094959064,35.68617210685046,18.26568834443748,1.007498587061208,48.35104128819081,43.59912565269142,0.010611120934887574,1.0488821222430547,0.7552767796448787
341,7,6,345.14279288230387,185.84611924431744,159.2966736379864,66.41189143473312,2.2199285636062878,276.39655055063537,190.84414748923524,1.8102370194269035,2.683439137910033,0.7875902208443072
342,5,7,100.74105775057852,41.975440729407715,58.765617021170804,13.884902504397296,1.033446769926178,136.92707574211252,107.58010257201924,0.23999955015202223,2.0830331724567768,0.7686466967951037
343,5,6,112.59187499498074,51.17812499771853,61.41374999726222,26.968743149527253,1.3149762619021934,115.96881297128874,88.27406282965153,0.10390744377116265,1.856364973503692,0.7753645674184072
344,4,8,295.8467068629455,98.61556895431517,197.23113790863033,53.972576814675605,1.6687431796801488,379.00576820331327,372.9832764926564,10.193341826295306,3.2187208354289143,0.7384639449444914
345,7,5,258.2701718616753,150.6576002526439,107.61257160903138,51.62612428085615,6.315608789817037,304.5694231677822,252.2513510823092,0.8876990308554042,2.930485699012534,0.7586168864935771
346,5,4,198.9489454801305,110.52719193340585,88.42175354672467,42.393496937645374,7.790077912376597,240.04008846267973,187.42091887128703,0.4490184334624444,2.6662648636953032,0.7680386733576531
347,5,8,119.46719032430305,45.948919355501175,73.51827096880187,23.611696035384533,1.9601880720400833,200.245931720546,171.87661031189737,0.5409347026345408,2.582287728441268,0.7536480055211492
348,6,5,179.4366099243536,97.87451450419286,81.56209542016073,30.5244541754,5.838773535495064,114.590690502132,98.8356446533538,0.26466986076987625,1.986603951692784,0.761599045005591
349,6,6,317.81612235933466,158.90806117966733,158.90806117966733,69.86987053287741,3.8863861752421687,299.79090975315177,291.8673415624403,2.562352121614327,3.045976677811125,0.7406390068853184
350,4,5,169.55286331360253,75.3568281393789,94.19603517422362,38.740168082973604,6.722317056150658,161.5928500786354,135.2444524207994,0.4522310522098051,2.3352711761474545,0.7643309635989375
351,7,7,238.74772551778568,119.37386275889284,119.37386275889284,42.32392913936901,3.806287429143649,160.2781512366024,120.33010538956536,0.8187751407185799,2.208161515594528,0.7795690527849597
352,5,7,312.88328468746795,130.36803528644498,182.51524940102297,55.7164467853347,3.594612823662777,450.8670704773252,379.5162038589281,7.607762500820399,3.22995044614816,0.7582909076891923
353,4,6,161.89282804254873,64.75713121701949,97.13569682552924,33.25291289331418,6.256397719149332,232.55380430920712,156.7100216629876,0.7346041952124615,2.489491315532912,0.7875715364438556
354,5,5,115.8210678452347,57.91053392261735,57.91053392261735,27.80226684789032,1.148178761370974,86.62593459398575,59.38489821007837,0.048598413665848696,1.3955406845428464,0.7894215443269563
355,4,5,132.93572812623884,59.08254583388393,73.85318229235492,21.05494282410117,3.332100688197456,230.35377693834988,164.10739042902316,0.4457345788523887,2.53622257609016,0.7761120240613103
356,5,6,138.27623829001917,62.85283558637234,75.42340270364683,20.852930075260065,3.5956106035260547,122.29111820543486,93.33444495641191,0.2871271903279565,1.9208058095856257,0.7765313073610289
357,5,6,260.7455754043999,118.52071609290905,142.22485931149086,51.51418009478724,11.269201869940622,331.71096377869475,210.0711723032502,2.0529426781429216,2.7722364307406004,0.7948025409072109
358,7,5,97.208344071366,56.7048673749635,40.5034766964025,22.12447488562845,0.6568241319674313,90.1366470700079,86.72084762668197,0.026408377215801422,1.8357768640444951,0.7399569791264646
359,8,7,277.19187533139205,147.8356668434091,129.35620848798297,45.3862484218075,8.410934019662614,196.63605921358345,170.93544853144024,1.4593913259169655,2.5768623348526507,0.7599720381984862
360,6,7,207.68917013896072,95.85654006413573,111.832630074825,29.688234191605275,3.428399379422261,301.455875978353,229.7185234548749,1.892030986455397,2.8513990024901434,0.7703444598360399
361,4,7,176.64579595189647,64.23483489159872,112.41096106029777,33.94819454329328,2.134240826765989,286.840092273604,186.86480893808485,1.3829045160367608,2.663432473346376,0.7898410686162315
362,5,8,105.32004037332206,40.5077078358931,64.81233253742896,14.141341815651504,2.54627392651877,111.66354870545656,94.939983925565,0.29668755652128526,1.9404493756260293,0.7618755681428737
363,4,5,191.4126541476008,85.07229073226702,106.34036341533377,28.40440877433584,0.9057430078063394,218.68759976017736,177.91031801715795,0.9889554461954775,2.6161102372412697,0.7656487944614534
364,5,6,197.930508583074,89.96841299230636,107.96209559076762,47.90805218160476,5.379254093671646,196.81570280751995,146.57121773685336,0.5632870869541012,2.420372449206496,0.778635476241654
365,7,5,127.23136527198234,74.21829640865637,53.01306886332598,24.852554128046133,2.289544832921245,102.68258257437788,91.54655814815212,0.07344440744124686,1.8984855412703507,0.7539690336864742
366,5,7,157.83388990100417,65.76412079208507,92.0697691089191,37.73765146673564,3.3056880206869685,181.42493675463476,113.55953460794352,0.3527975515570627,2.1438223172976834,0.7972718644029924
367,7,8,315.23738827769233,147.11078119625643,168.1266070814359,48.812930455094154,14.427811035137815,257.4353748614553,212.14322806851013,4.089424474874234,2.7810961019199363,0.7673361912827993
368,6,7,324.5270616447475,149.78172075911422,174.74534088563328,55.54947542229218,9.899198279263894,311.0447974605359,198.8695505923158,3.5076628342626566,2.7220192999074504,0.7960227124485476
369,4,8,156.88262654331513,52.294208847771706,104.58841769554341,18.46440444112769,0.9279536804791483,247.46639665676287,189.682768660828,1.7336065881873466,2.677662313376735,0.7714844794306822
370,7,5,291.258868533682,169.90100664464782,121.35786188903417,51.54809019820824,11.576757729504664,302.6382179135036,227.9012004231236,1.2886947952457897,2.8445077156806122,0.7741861274194197
371,5,7,207.10260539099977,86.2927522462499,120.80985314474987,29.271943747808177,3.2590366462110434,292.3265805984514,241.92657420598488,2.443406425616553,2.8956432546659245,0.7611627882165704
372,4,6,86.0712288303126,34.428491532125044,51.642737298187555,11.09618623018984,3.050501921837539,81.34707094778383,67.58235471859774,0.10370827041223891,1.5452783011560989,0.7658933343458507
373,5,4,129.43162204000916,71.90645668889398,57.525165351115184,28.083007562776668,5.972256906283769,131.47918697366833,124.99081148914502,0.12117218084872457,2.2499195968360928,0.7427723248194809
374,6,8,219.76473448687764,94.18488620866185,125.57984827821579,35.108536041383,8.163108732909212,205.09672404398893,152.4703049966824,1.6406898426504872,2.4613376238049858,0.7797982143161923
375,4,7,236.443169045766,85.97933419846036,150.46383484730566,29.10384930144587,2.1190552282524227,369.1810179200045,251.8813421706206,4.244538344778687,2.9292750767729285,0.7851576659377242
376,5,7,290.0504400547542,120.85435002281424,169.19609003193992,37.98228354442164,6.042229323877184,378.1457594455321,267.30077572013045,5.563389806158886,2.9775074296467134,0.7825988934332438
377,5,4,104.1331409789774,57.851744988320775,46.28139599065662,19.817739307532147,1.0684626160282629,122.48265187932702,95.2083891711975,0.06122642173968304,1.943697125010883,0.767955794530753
378,4,4,281.78921800613114,140.89460900306557,140.89460900306557,59.451277733975054,5.09505069289615,300.70256695797804,222.2919139361733,1.4842324569791268,2.8227059546761075,0.7777998970921824
379,6,5,235.8328072383758,128.6360766754777,107.19673056289808,47.30637007015435,12.58677736282882,238.6171593605194,217.8799737535737,0.9201197217635696,2.80497121221922,0.7495353927009765
380,5,6,246.87548000746625,112.21612727612101,134.65935273134525,45.373947251702745,11.042642254973348,238.0818090611217,222.90781073148145,2.1231837415442687,2.825139901029747,0.7480397355652376
381,6,7,135.83439130765885,62.69279598815024,73.14159531950861,24.608953318092126,3.958451957048107,164.2033571157801,114.30963533462514,0.3146392248713163,2.1511770418798952,0.7845384576966636
382,5,5,273.2766134588477,136.63830672942385,136.63830672942385,62.05198279781487,2.390849690863232,276.9209841608879,216.8400172674288,1.3037832928016218,2.800712790257013,0.7709680420489958
383,8,7,271.52847105513274,144.81518456273747,126.71328649239528,49.44660649307383,4.799344137629385,287.04131214885183,221.45601741807093,1.5339672025550628,2.8193864201230916,0.771707416522134
384,7,6,85.07548142888538,45.80987461555367,39.265606813331715,15.781810622019242,0.5516642343048896,90.4827396792747,70.76319826024601,0.03815478660965742,1.5988452217197577,0.76936615671234
385,4,7,142.9690761964154,51.988754980514685,90.9803212159007,27.227994925151116,2.7161511927543236,217.97201561051665,180.99059864973745,0.8903838782513053,2.6327622895288747,0.7609176757495412
386,5,7,126.75113969878215,52.81297487449257,73.93816482428959,24.39817466424537,4.580856565385494,122.0420453732728,116.77746175331566,0.3385786585536605,2.1749680238744284,0.7451658189113611
387,7,6,170.73849090455658,91.93611048706893,78.80238041748765,33.49013073284731,6.504879574558711,173.29297640376328,163.48399221512994,0.3764015028395894,2.5323962554087305,0.7442592004955033
388,5,7,337.4356300439706,140.59817918498774,196.83745085898286,77.7721126344254,3.3392626435687167,529.247365249064,443.608277614058,7.397400386916634,3.325116826884769,0.7571563712517483
389,4,5,165.06825596812536,73.36366931916683,91.70458664895854,42.853101293218415,2.176273217754787,176.74019353261176,135.2914340411521,0.33759791910505604,2.3356430964681705,0.7744769947848852
390,4,5,121.60187578192986,54.04527812530216,67.5565976566277,18.55038138702276,2.623818975209672,192.65169980828185,128.13660060714005,0.287118884570259,2.277021477400377,0.7859871711494977
391,4,6,167.43749692335325,66.9749987693413,100.46249815401195,23.622593986600524,2.476721367183327,212.14517650954437,133.51545799426435,0.8005885969911849,2.3214673704928517,0.7959585338313275
392,5,8,316.0844127561018,121.57092798311608,194.51348477298572,57.95744863211384,10.3249036024603,446.63705268112886,286.00092877820106,7.180083614899041,3.030473408518459,0.7935306687795642
393,6,5,176.50062571499035,96.27306857181293,80.22755714317742,31.99713291145619,8.940561560273817,242.84257565990248,159.4258033825717,0.4226019280457991,2.5069902930915133,0.787607024707798
394,5,6,231.1885783771518,105.08571744415991,126.1028609329919,54.329428359772294,6.923071757047981,306.0949804615028,238.31747183417588,1.3838042931628034,2.882922174907507,0.7697588389373891
395,5,6,257.5551182813616,117.07050830970981,140.4846099716518,48.8827858723204,1.8356398132057994,333.9135738214001,298.1535292510712,2.8582656439744705,3.062048265488849,0.7502831323837331
396,5,7,345.76753750857307,144.06980729523877,201.69773021333427,45.45415421836886,4.321620684293686,571.5162751063569,405.0397719004022,11.966627160218534,3.2708937457111005,0.7783084559266547
397,7,7,260.3116073169186,130.1558036584593,130.1558036584593,43.308971555697326,8.123400478689407,253.66449999115812,203.14350048865893,1.9001110961400276,2.7416567369537694,0.7689532938652347
398,4,7,218.31944959241773,79.38889076087918,138.93055883153855,30.33736442537826,5.968454778774638,323.8783153456631,213.768599056483,3.020866759860946,2.7879568583856313,0.7899581785872676
399,5,5,238.8329249684704,119.4164624842352,119.4164624842352,46.076750323711856,10.76358771251178,215.62096474140196,155.1824144921192,0.9257923249484865,2.479466814299218,0.7830877226931394
400,5,4,183.29134722375736,101.82852623542075,81.4628209883366,50.37369603623946,2.7435726586733726,237.3464137967514,179.70465515698106,0.19513801311121814,2.6258594300748603,0.7696498543558602
401,8,6,326.2769319502697,186.44396111443984,139.83297083582988,58.77312359603669,8.022839608732601,292.8370613113157,250.3647835229432,1.884404888624566,2.9242843180189495,0.7591887925130316
402,4,5,204.70324653128276,90.97922068057011,113.72402585071264,53.660457225876385,1.3213671718554703,357.9777559012218,229.2860196947213,0.8900291440716704,2.8497664126957205,0.7877283344723944
403,5,5,143.17618345329578,71.58809172664789,71.58809172664789,27.26506400073108,4.239721433149961,210.42950194726603,134.75194467520424,0.28023309973975963,2.3313623120778857,0.7900372858605731
404,5,6,113.8170905728936,51.735041169497094,62.08204940339651,26.722486275670065,3.4131306426212293,98.6376366788624,80.32337753797498,0.10092954944072427,1.7466366908327846,0.7684625071715953
405,4,6,166.1324686124703,66.45298744498811,99.67948116748218,38.71282195080903,6.24287857999297,254.76888732507356,168.5033712312976,0.7179924463542503,2.562648236736139,0.7887559514127757
406,6,8,336.5074821498204,144.21749234992305,192.28998979989737,45.28604289303278,7.389454734174785,595.7017705571324,428.9150094500553,12.675416052875818,3.305438430218678,0.7747988584821288
407,6,7,229.2357603128332,105.80112014438456,123.43464016844865,42.32285466878748,6.267748285513792,185.7759718971083,169.1234618183351,1.3439885306303374,2.5662992102723283,0.7533320749366925
408,7,6,118.38071000805844,63.74345923510839,54.637250772950054,22.508942488588293,3.4086115924506184,107.5030432658828,97.8388580154154,0.10736519217303805,1.9749924061128452,0.750960265382987
409,5,7,294.1563080078006,122.56512833658358,171.59117967121702,49.20415998972152,10.527329386669663,510.58559206808775,330.7797996863411,6.358303425601984,3.1374632244617837,0.7885659712902175
410,7,6,148.6618531215172,80.04869014235541,68.61316297916179,30.034873245095667,5.091065152604321,190.6527847472536,121.36323946423929,0.1925066437422607,2.217588989899811,0.7918660736047615
411,6,7,194.10688462363325,89.58779290321534,104.5190917204179,41.95136335512781,1.8647603858939028,227.95146141865584,162.983009908859,0.7055194887217153,2.529306776420551,0.7813384617293989
412,6,6,322.9434242053818,161.4717121026909,161.4717121026909,51.14389992006093,4.21702695975871,351.37235953937375,275.9777940986293,3.830985933302247,3.0027859144227076,0.7697874378548701
413,8,5,209.68321604069192,129.0358252558104,80.64739078488151,39.72704146298762,8.415074174609929,276.76685493582266,195.53650330851616,0.3697771690856071,2.7062744002391996,0.7761914159168773
414,5,5,343.06180879572014,171.53090439786007,171.53090439786007,86.91059626624856,9.285303355451871,313.8539418381214,205.13152324858984,1.5892532713161636,2.7505868816862558,0.7934889234287581
415,5,8,183.05354943083967,70.40521131955371,112.64833811128595,36.4042612603029,6.736391102139583,282.54193082040734,243.3505858840141,1.8501860093086364,2.9005831447487367,0.7554297901533525
416,5,6,292.6650118291502,133.02955083143192,159.6354609977183,62.073944356715614,11.102220956350443,263.0830700009563,236.87635558723613,2.656182358785346,2.8777603889176517,0.7543768539982687
417,5,5,204.1993828172006,102.0996914086003,102.0996914086003,50.68577233277903,4.895021581734733,148.96101679991915,104.29825224824512,0.28111391624883664,2.0479452777073814,0.7873497289365281
418,6,7,165.34876804416433,76.31481602038353,89.03395202378078,28.3536417732319,3.2047990035862277,146.93105954797286,115.39058697828824,0.4943357808699632,2.161673822456815,0.7727365957213731
419,5,5,159.55084791697038,79.77542395848519,79.77542395848519,31.48841138214861,5.983096312596595,93.62956517642212,89.24196474873867,0.21367890758002098,1.8689977282271406,0.7480378704974
420,7,7,181.56233611811973,90.78116805905987,90.78116805905987,29.23503552400381,6.648708939352127,127.93260183265976,97.36950458478604,0.4298973909983308,1.9694784129994405,0.7778639298766524
421,5,5,294.3338977817735,147.16694889088674,147.16694889088674,61.31775040243344,6.912421190622572,244.27414742834927,204.6019572864672,1.6600245655894383,2.74822049388801,0.764307840169651
422,5,5,193.38635837046476,96.69317918523238,96.69317918523238,29.647883311096145,5.165624577679137,129.60060953016531,117.50417797528428,0.5145591086811916,2.181857642357577,0.754690853809589
423,5,6,323.31436677849035,146.9610758084047,176.35329097008565,69.6291414871834,7.090508615269412,331.82531194855807,238.5457496686365,3.128587319656518,2.883735466451422,0.7824906706581778
424,6,7,168.60007813377015,77.81542067712469,90.78465745664546,27.59862743540668,1.688920980578692,130.29336366472077,119.36004018040842,0.5495022123763055,2.199218318358425,0.752527723665011
425,5,6,137.25246752449638,62.38748523840745,74.86498228608893,25.068665956303576,6.018706606483949,126.9277075029563,122.006769513737,0.3431606549324275,2.2234113027491937,0.7443723007300675
426,6,6,248.23433262940512,124.11716631470256,124.11716631470256,40.63156019805968,5.050182228230824,300.92649850308305,206.41672845585688,1.6452900052750068,2.7562928404417826,0.7850848748930646
427,5,4,145.19336945592454,80.66298303106919,64.53038642485535,45.33205943908272,2.512268842215469,212.3534890002373,134.0744972503975,0.04282678552603156,2.3259555584112044,0.7889347997124148
428,6,8,322.61176677416734,138.26218576035743,184.3495810138099,54.52886912167687,5.4458331751952755,377.3942182648689,340.53944266653946,7.686698097755877,3.157721351903371,0.751331695738175
429,5,7,92.95940846759684,38.733086861498684,54.22632160609816,21.793933550274854,2.28598700493948,116.33134777548192,111.3926595750542,0.12533096873658028,2.122243650592547,0.7417223802701383
430,5,7,184.5959810145633,76.91499208940138,107.68098892516194,24.725045578103213,2.9111293485232617,147.904488036348,143.5670699868387,1.1369975694687093,2.3986608777750664,0.7441111478305994
431,7,8,348.9231023839416,162.8307811125061,186.09232127143554,56.50363449541412,4.269623682103618,312.26671336736183,261.6793702063664,5.769036206981834,2.9604352657976385,0.7639552197863783
432,4,4,116.9980380314726,58.4990190157363,58.4990190157363,19.7859642399466,1.2039021686037428,99.10965236892103,78.02727105878154,0.09140493277641148,1.7128259716168082,0.7720905964763464
433,7,5,258.1512681165988,150.58823973468265,107.56302838191618,53.35604857186738,2.230533824060871,210.0490783163005,147.10852486097437,0.4485856261991931,2.4241937574477275,0.7850022192220056
434,4,5,82.08743433048112,36.4833041468805,45.604130183600624,12.30790084841206,3.0585091847223778,124.71657906456818,89.20653475324501,0.09059752863822795,1.8685379328785614,0.7786577292591692
435,5,6,310.1318266543982,140.96901211563554,169.16281453876266,51.33492084875795,4.252301266258289,278.69930804746883,271.55643738371725,4.261454739627697,2.9900634867951688,0.742018817929666
436,5,5,258.40186644093706,129.20093322046853,129.20093322046853,75.77623495457087,2.3924209981584785,198.45287648528583,162.3726368241721,0.39307973487569237,2.525525078700399,0.7678285044155776
437,6,7,135.5144255628433,62.54511949054306,72.96930607230023,22.98508464151903,5.214887502253993,138.29636158628443,123.79545610663978,0.37240402528864175,2.2393963782942325,0.753925046096316
438,4,7,248.9695738954264,90.53439050742779,158.43518338799862,31.55870129970536,8.89537877855465,318.1406956311439,303.1493374251754,5.954850368986754,3.07443973753027,0.7436197080807981
439,4,4,304.91123132212897,152.45561566106448,152.45561566106448,68.64576746251907,12.013121677817775,321.09687633643404,202.31316287533735,1.549752770783391,2.737888975874766,0.7963613215605745
440,6,8,124.20846870855095,53.23220087509326,70.97626783345768,24.91986245845945,1.4786669892086932,141.01166313148588,99.60590201369024,0.24164255004312943,1.9954858572159968,0.7838433852410092
441,6,4,341.98336452137346,205.19001871282407,136.7933458085494,70.61587983451668,19.964517668421188,371.2048730182971,255.46186377026385,1.4091271676430928,2.9408762753837197,0.7844758360014875
442,4,7,127.72551421146508,46.44564153144185,81.27987268002323,14.83916040458621,2.398597756456186,303.197308069747,216.7380849667944,1.0948894738124302,2.8002937633602527,0.7703799039470978
443,6,8,105.42101880372994,45.18043663016998,60.240582173559964,21.450259759365995,1.7770690797225217,118.75989877379526,87.24995846632459,0.1461188511379269,1.8428345787672822,0.7793568476879987
444,4,7,183.142477097694,66.59726439916146,116.54521269853257,38.835974568653455,2.9622546618961745,422.12662881217625,301.3053217133345,2.248235829570771,3.069904197988924,0.7713772741822386
445,4,4,263.41579188628987,131.70789594314493,131.70789594314493,64.49063985052948,10.875314445176157,354.1187247977245,260.2051961276986,1.3611802337940409,2.9558634411303544,0.7758886339443875
446,4,6,166.59820106717697,66.63928042687078,99.95892064030618,27.30876400337169,2.300076240048865,209.81217671348352,156.33611218684302,0.8786910434668554,2.4870498743520173,0.776873753889462
447,6,6,235.92503595875323,117.96251797937661,117.96251797937661,44.76814020183403,4.140317408579798,215.0546536131558,163.9870886227116,0.9874819002603008,2.5354857368359998,0.7756041368457748
448,6,7,267.0315882484862,123.24534842237823,143.78623982610796,41.382891614364425,4.107321564611879,411.7273955400212,269.49192198286966,3.495011126389427,2.984011009647407,0.7875448690284161
449,5,5,81.13255380821325,40.56627690410662,40.56627690410662,12.403958867462013,3.772737706726135,88.58675609283915,79.29658670077484,0.060383602341585456,1.7316413312580272,0.7524560312148831
450,7,5,168.8325676863939,98.48566448372976,70.34690320266412,30.386805124134984,3.120268510866906,203.2948341615425,162.3931644446928,0.281081474504811,2.5256525779977035,0.7628942431015738
451,5,6,199.14239016264435,90.51926825574743,108.62312190689691,28.367911811668737,8.027945745371246,225.90647439276069,165.84383285763354,1.198316270308581,2.5467761584458333,0.7793305212789124
452,5,5,186.18489770261988,93.09244885130994,93.09244885130994,41.007227289798855,4.662012585457234,187.50434335517485,121.65636294367508,0.35003106031338665,2.220245738500491,0.7934405255564897
453,6,6,112.9792343747526,56.4896171873763,56.4896171873763,19.32674855116697,4.679747933912712,76.21391495722662,67.30894930373955,0.0959284457101287,1.5405622646192725,0.7585725936308955
454,4,5,107.00339619692338,47.55706497641039,59.44633122051299,28.33878322401014,0.6687720061751201,171.97596649202774,116.34245912260656,0.11415481857643968,2.1708189515023935,0.7832387448637022
455,7,5,159.65660296707148,93.13301839745837,66.5235845696131,30.30469085502295,6.370706338679363,101.9947021809512,99.6675888290668,0.14021103266165294,1.9961937853134453,0.742744300076986
456,6,7,309.40131320437564,142.80060609432724,166.60070711004843,57.6043361130891,9.504821280765324,515.8338925640251,326.6691032681571,4.875738639587969,3.1286359912867456,0.7902456551140478
457,5,8,263.8958854780591,101.49841749156118,162.3974679864979,30.991020843460134,1.853594950975793,304.4292981653837,239.67855059354133,5.2517187676985815,2.887753870291332,0.77106213489999
458,5,7,184.21282497059292,76.75534373774705,107.45748123284586,24.156268658668477,6.177195366779854,228.89400248767265,155.66908960697725,1.290039220635834,2.4826748976365094,0.7878159026322786
459,5,4,213.04865954146769,118.36036641192648,94.6882931295412,63.2714125274914,4.6421947571307,200.9294063633806,186.55945970311976,0.19397472504594596,2.6618721402878576,0.7467822791034345
460,4,8,307.53909765414835,102.51303255138278,205.02606510276556,47.6255663438369,9.985750575073126,720.6617351242894,511.1863101991361,17.549348456188376,3.402920208284803,0.7737168679301567
461,7,6,225.3379596505773,121.33582442723393,104.00213522334336,38.86344250809348,4.055944263183789,185.8407914451053,159.9163335149646,0.764290391921053,2.5101078551538674,0.7598606566262134
462,7,5,299.81348989306593,174.8912024376218,124.92228745544413,53.35599746068444,10.329654527555054,411.49192462601616,288.6132947363908,1.7180913757133245,3.0374389356314935,0.7775907943036175
463,6,6,193.1978353719576,96.5989176859788,96.5989176859788,35.92033820057951,6.9857643171856685,254.4690666486293,189.46031242628487,0.8170415514658186,2.676550001817161,0.7744279182944339
464,4,5,315.92592090944163,140.41152040419627,175.51440050524536,58.90983894676416,5.034541921190683,449.4549574481891,368.0827974804747,5.264581301391978,3.2100799173648285,0.7616304008365613
465,6,4,113.70007859296568,68.22004715577941,45.48003143718627,21.10961728070482,1.9542283277652281,91.66212259101532,58.21139150427224,0.030714930911077933,1.3725970726101524,0.7956329807324739
466,4,7,330.03637004159884,120.0132254696723,210.02314457192654,51.37753257476805,9.101681552385267,634.7232764104901,493.0865247076363,15.6593467731011,3.383896669296767,0.7656290671533946
467,6,6,101.12477027876096,50.56238513938049,50.56238513938049,17.030820649732224,3.2033831302190006,111.04681922376598,93.07166830065714,0.11287787931568567,1.9175550315006216,0.7614164402085385
468,5,8,209.41932107885867,80.54589272263796,128.87342835622073,28.717801959730014,3.343634231436485,284.3577260475378,209.904932753108,2.7448160047339005,2.771520041377094,0.7774435946321654
469,5,7,119.95210666933264,49.98004444555526,69.97206222377737,25.567542265091767,2.16280766300187,215.96570602632616,163.29857336984915,0.37648775711335597,2.531254320785271,0.7684325661483339
470,7,7,190.94685460583312,95.47342730291656,95.47342730291656,37.036731156203714,1.5660781128299364,175.9536988621078,113.12760135581873,0.4204457655524439,2.139560609514067,0.7948860426544992
471,6,8,195.46293780662091,83.76983048855183,111.6931073180691,30.53648098438429,1.765032422682784,280.9373689365975,231.6584007195169,2.000628839757302,2.858664888427026,0.7607783051232468
472,4,7,145.4561571703035,52.89314806192854,92.56300910837496,19.179561994004544,3.233209441567102,272.060938805867,184.87649731739072,1.1606056971758982,2.653206412996478,0.7828604982167976
473,5,8,318.49261471178744,122.49715950453363,195.9954552072538,40.438110061747324,3.2562759923362736,479.1112911439944,448.6860971025967,14.36544969862118,3.3316606991546123,0.742491176272923
474,8,7,304.2490149895534,162.26614132776183,141.9828736617916,50.130503067461625,5.572047637977899,254.87044363995827,224.4713457219715,2.2998804070871253,2.8312738263615413,0.7565232801991353
475,7,8,81.93199149092794,38.23492936243304,43.6970621284949,11.750242668251651,3.0169945829637106,72.67624350629295,59.06413314091202,0.06850246866067343,1.3893091925480003,0.7684858957496957
476,5,5,175.33853598059196,87.66926799029598,87.66926799029598,49.45833575579902,4.6787944973394255,108.89724833273202,99.42982109590588,0.12946506802641153,1.9934623689858557,0.7540727320072574
477,6,7,114.29971512964757,52.75371467522196,61.54600045442562,17.072187386687034,4.5589477634058895,133.90427404743798,103.4902365124472,0.24230303595946073,2.039108430585825,0.7724452783169689
478,4,7,221.6591847476299,80.60333990822905,141.05584483940083,33.24008317098034,2.027804607036898,272.1494331143741,254.09583103201885,3.505181034118009,2.9364799945887277,0.746768065414206
479,5,5,234.10107667190888,117.05053833595443,117.05053833595443,47.91557719602947,9.278847288353019,240.82149532207325,158.59672909290452,0.842162547953522,2.5016913491935053,0.7918964290233583
480,4,6,166.99969083693742,66.79987633477496,100.19981450216245,24.28430963486036,5.425645216081694,177.29176283165003,154.70984934358327,0.9580076115130916,2.4763387334058304,0.7581210914507025
481,7,5,295.2351864202269,172.22052541179903,123.01466100842788,68.08371746418621,5.794048886682655,254.76745426078787,205.9803177298633,0.6142036199163158,2.754361149464951,0.7668569086628249
482,5,5,201.27187766767295,100.63593883383648,100.63593883383648,41.4164346976068,3.3263777405969144,206.7397149304035,136.27654212356956,0.5009026918657359,2.343403406350266,0.7913957299701564
483,6,6,206.68444755299973,103.34222377649986,103.34222377649986,36.38435060002036,7.792498615012921,200.21976352153035,133.8589703849994,0.6856633440459767,2.32422806952065,0.7907510371698339
484,5,5,111.23169422735565,55.615847113677816,55.615847113677816,29.6613590209384,1.3044001776642706,70.1777491593824,63.29434948653725,0.03717085382931244,1.4691663014469587,0.7556258418911627
485,5,6,306.411245615038,139.27783891592637,167.13340669911165,52.742557269414675,12.618633808551749,286.59410921600266,275.1104265786667,4.303374101071334,3.000315404998777,0.7444355621968256
486,6,6,256.46031724818454,128.23015862409227,128.23015862409227,48.26281447126088,7.996348905623205,291.9820641707074,224.2275616612925,1.6835708014116433,2.8303216520001633,0.7725452083601387
487,5,6,172.64097441253583,78.47317018751629,94.16780422501955,27.4974878713013,1.822614733929813,242.29473541956187,193.78066692532195,0.941838197993898,2.697823009356384,0.7646135825226458
488,5,7,180.6256686312634,75.26069526302642,105.36497336823699,40.88124445872207,1.47056794090386,167.74359804728553,137.51029951281456,0.6352538867219162,2.3530210027354714,0.767272025394044
489,6,5,220.9901551945934,120.5400846515964,100.450070542997,47.23479136285964,9.097660767380408,184.4951350189638,174.67515394787233,0.55807140032185,2.5981784952736087,0.7460313459467718
490,6,8,271.80955719875465,116.48981022803771,155.31974697071695,50.29526536881798,1.2029359753825293,310.0821495871326,295.4147228139932,4.2010109668247075,3.0551131517098065,0.7430882369599747
491,6,5,185.7919691907168,101.34107410402734,84.45089508668946,44.05790532401161,7.824334948088283,194.989792349034,158.36121295182875,0.27450222152680576,2.50017920470679,0.765406064133147
492,4,7,201.61272303191055,73.31371746614928,128.29900556576126,30.213254431077527,3.4326971978001946,418.6977114667293,337.6686874432395,3.9581752928490297,3.1518619884428705,0.7580332480975144
493,5,6,109.71236985878213,49.86925902671915,59.84311083206297,25.915351928174225,1.5214972142166638,131.02927271369285,107.92778263659768,0.1282155801631459,2.086676638423448,0.7633475361111292
494,5,5,234.6106213991005,117.30531069955025,117.30531069955025,49.28778540736365,6.7764662477488,278.10540743822537,174.24051944946453,0.8875002190464927,2.59573394898591,0.7955114037067494
495,5,7,283.9772974174131,118.32387392392214,165.65342349349098,37.35820966741895,3.3502754462442423,390.89331517728056,270.30776132121315,5.292459052005816,2.986411430021633,0.7842515424566872
496,5,7,84.96612601087031,35.4025525045293,49.563573506341015,13.508160699337026,2.7507625936165327,78.03103512542127,76.74300507650224,0.110583737046766,1.6934686391405973,0.7412198215192735
497,5,4,340.96131050441545,189.4229502802308,151.53836022418466,73.98883848882957,17.808641183083584,365.6050316787916,283.14118305256056,2.0514802069807723,3.022731770144865,0.7713695855548356
498,5,6,307.08156559654896,139.58252981661315,167.4990357799358,69.91577290003671,3.867921859257349,261.7958257546264,234.27582055671115,2.4994908641159097,2.8683240759979776,0.7553372979948263
499,5,4,131.68185882316658,73.15658823509254,58.52527058807404,34.37221158522294,3.6876038865516136,97.61759599053588,67.42107991553155,0.04028786355142187,1.5424986230438547,0.7881787856475686
500,5,7,86.35147064119128,35.9797794338297,50.37169120736158,16.45257125419219,3.008482158545703,113.07032334365756,106.93151698146907,0.14375913232751236,2.0761991885350475,0.7432340471489361
501,7,5,338.05138692365546,197.19664237213235,140.8547445515231,66.40336606310366,9.159573651023084,229.7173880503664,227.4076031440374,1.419574679336185,2.8426216921758614,0.7399482955641665
502,6,7,218.4629460609406,100.82905202812643,117.63389403281417,37.654052763260005,6.898237322400529,174.19030875235669,131.6039091227618,1.0099495422470093,2.3059371844119667,0.7784183105506215
503,5,7,193.87621907523535,80.78175794801473,113.09446112722061,25.267428061430316,6.473391257424147,284.27241099588787,233.7073153096367,2.213148853337087,2.8662400188056893,0.7619251169692011
504,5,7,87.59479012013992,36.497829216724966,51.09696090341495,16.94251960530995,2.2807601942345594,98.02992014843404,76.25390343344347,0.09722626876903413,1.686010132267356,0.7727009141082324
505,5,8,278.13229378405674,106.97395914771414,171.1583346363426,48.6551396691479,10.46495127047557,592.726957144132,395.8326573984454,8.20129940442101,3.2566361009580316,0.781793673108318
506,5,8,234.73066126424607,90.28102356317156,144.4496377010745,37.49830460962626,1.7546424097312696,325.6904639527096,242.84812010541117,3.6409506110766205,2.8988451469087626,0.7757316224226605
507,6,5,116.63996519047808,63.62179919480623,53.01816599567185,27.539628067835963,5.34432714685916,66.05392847208294,63.594493961501215,0.03854967927925961,1.4746471523087852,0.7463351447147026
508,5,5,238.98983146562296,119.49491573281148,119.49491573281148,56.585536526203335,1.882765992036505,371.1215118431165,233.2715356352091,0.9976900872233434,2.864637309835281,0.7901964216410026
509,8,5,155.5246726023728,95.70749083222941,59.81718177014338,29.042778224380115,1.1643487049423962,136.748603839654,124.68460277533852,0.12114491464264585,2.247235915361093,0.7479297368770871
510,5,5,179.04969951126236,89.52484975563118,89.52484975563118,33.024133048586975,6.034110963071067,131.04745665833653,102.80294327008906,0.3366443575911193,2.0315286487224378,0.7738746235281289
511,5,5,311.1092767209124,155.5546383604562,155.5546383604562,81.2421484905972,9.961328774572996,284.01238134919475,247.27777096944732,1.471949264893237,2.9139803252729446,0.7582289694832763
512,5,7,121.15907421054484,50.48294758772702,70.67612662281782,22.757423924441312,4.421985216134672,166.20719412459627,104.195077543005,0.2796475818079423,2.04682134800269,0.7955965687180488
513,5,8,148.8725883803637,57.258687838601425,91.61390054176228,33.04636966042434,1.5805143956900176,155.6292105563318,144.1793321916545,0.5800690232493873,2.4031341071248753,0.749424871756553
514,5,7,321.8917618996777,134.12156745819905,187.77019444147868,74.01668252914068,5.549543052450058,288.9917907427167,260.20974748539135,3.903880124814283,2.95587761804196,0.7546167502582456
515,5,6,155.08006932958045,70.49094060435476,84.5891287252257,40.28480680082151,1.8082081732428839,202.4625125528026,168.86631978311533,0.3308290152051989,2.564787460969291,0.7601703337276532
516,5,5,278.35857780572064,139.17928890286032,139.17928890286032,52.3162171181431,9.284829295884547,203.6616694251403,142.55507892302143,1.1503166721538909,2.3912120014268106,0.7874605314113081
517,5,5,145.58247390878228,72.79123695439114,72.79123695439114,30.12909675168977,2.534348780534348,170.2186321165073,115.62620484734228,0.21719122216848988,2.16394603102817,0.7866077164961773
518,5,4,131.10248120518588,72.83471178065882,58.26776942452706,35.461373150015554,5.08703737870644,112.97944755006036,78.12813883783787,0.043687056756550796,1.7143325671146001,0.7870851967436083
519,5,7,186.36920301169025,77.65383458820428,108.71536842348598,35.79931678430398,7.409970078193962,355.4125753904273,244.81798566865223,1.6409194595431564,2.905627526643802,0.7796451726751128
520,5,8,89.7903524661823,34.53475094853165,55.255601517650646,13.78641225973286,1.7450075453661524,128.97472029721044,106.75738376478748,0.22753426332048304,2.074356085291503,0.761805128410119
521,7,6,87.95516692430022,47.36047449770012,40.5946924266001,16.69865864472788,1.285956675681983,98.99626032509272,84.10232680743977,0.04890186953505739,1.8001578793778295,0.7574218679343209
522,7,5,228.7649371273585,133.44621332429247,95.31872380306605,44.21479363601429,10.05028083856468,222.5625659745465,152.4418818576488,0.4499747706412374,2.4611453390143083,0.7864932505064659
523,4,5,274.3660928593279,121.94048571525686,152.42560714407105,69.23228488259204,3.4898108312928677,446.6649702707038,326.3750758335709,2.5044856882240603,3.1279976733156034,0.7738555925505864
524,5,7,260.46270604616643,108.52612751923601,151.93657852693042,40.57264064155118,4.646180666332793,295.2676416353618,239.5758290215103,3.6372233240799696,2.887390677507943,0.7669317708372211
525,6,6,84.79597670384712,42.39798835192356,42.39798835192356,17.121252575698193,1.8373606254900077,59.75294452235559,48.83877772234249,0.028134165285745943,1.1737447152076148,0.768678256285308
526,6,6,99.28757391293014,49.64378695646507,49.64378695646507,16.692486943164926,3.50894656727261,78.45445603148924,56.53412721825911,0.059944334746865564,1.3390936070968644,0.7837274111011671
527,8,5,119.228308512616,73.37126677699446,45.857041735621536,22.579025429756147,3.586913636868005,78.93740643142138,64.78550828833332,0.03364432251626644,1.4961639136579121,0.7669850509024496
528,5,8,118.57578369305652,45.606070651175585,72.96971304188094,17.78380234107302,4.231240880099419,226.16641303331195,141.82309436262852,0.564808835443993,2.3857808088715955,0.7913187504018059
529,4,6,346.206322288011,138.4825289152044,207.7237933728066,61.52011240140836,12.430259411931535,308.39867686355944,281.126517989879,7.023087510667863,3.0172032063898517,0.7532956142347367
530,6,4,198.55392141417383,119.1323528485043,79.42156856566953,52.56621576295277,2.3509047688214237,188.6175009864861,179.55880550681843,0.13591032219385313,2.625072115249908,0.7407063999514013
531,4,5,97.36939655210448,43.27528735649088,54.0941091956136,20.927231190783008,1.3579845243576305,138.8708446179965,88.35790041748017,0.09423922527060716,1.8574651173556092,0.7924103502071094
532,4,5,319.4517432443363,141.97855255303836,177.47319069129793,47.86432566927645,13.852895109578926,419.767950373841,278.9218470800469,4.831027212591608,3.0110811104553257,0.789445606539501
533,4,6,308.1060372810224,123.24241491240896,184.86362236861345,52.455558499785056,1.9067653487029463,650.2156554654132,454.218169396699,8.905939315717184,3.338647045321602,0.7745516848953155
534,6,6,122.77566276708647,61.38783138354324,61.38783138354324,26.030827833774364,3.2187473050935576,139.57249221793205,95.80891834269062,0.12472738411561828,1.950926664743572,0.785977812108053
535,4,6,241.82096989460285,96.72838795784114,145.09258193676172,47.64297467746602,1.8562230502059192,251.215158600356,235.22727977114675,2.5053196122255805,2.871794897411365,0.7475702789413654
536,4,7,242.61029172429969,88.22192426338171,154.38836746091798,47.83726133729566,2.536173818153261,430.3699290659978,351.24661635383507,4.944626432500292,3.1788791122990214,0.7601190416891537
537,5,5,144.1196097318974,72.0598048659487,72.0598048659487,33.18309672091609,4.341784473535511,179.56104783356443,125.36980213016012,0.20319228002404086,2.253229796710384,0.7829054607175373
538,5,7,197.67641357738256,82.3651723239094,115.31124125347316,46.36504259058784,2.136902625870422,270.3494728259499,232.36155831304325,1.2503131209234422,2.861275945108497,0.7562174432118799
539,7,6,239.62264504175744,129.02757809940783,110.59506694234959,42.00707110101085,12.897731842916636,261.20101276201586,188.40912204389625,1.063943798201925,2.671268491826666,0.7804479688242468
540,5,7,233.5791559590507,97.32464831627112,136.25450764277957,37.18160992033324,8.93074103236584,302.97721797997986,275.7501347110915,3.4516733004971174,3.0021386583691823,0.7493574080970317
541,5,6,115.06656107381812,52.30298230628096,62.76357876753716,23.20361214352861,1.2093072990709377,92.62903894820052,83.80512047969529,0.1341437266709068,1.796040839597797,0.7541591138332718
542,6,5,199.44541060126303,108.78840578250711,90.65700481875592,49.873071551034876,3.8525341469259,212.81846214635175,135.542388252599,0.21678267555673597,2.337626912543206,0.7937264078477964
543,6,4,198.19793966186535,118.91876379711921,79.27917586474614,55.13088151284639,5.635434221462889,110.43158133267008,105.68997440615782,0.055546276104905146,2.062980521468975,0.7464784039536374
544,6,8,152.0700592073759,65.17288251744681,86.89717668992908,28.312712142045356,2.5049118504706023,188.6037812201152,178.1274098646639,0.771746249466999,2.6172971145751087,0.7435068083380444
545,6,8,312.7993211178473,134.05685190764885,178.74246921019844,54.679665140835695,13.32090268207621,501.8343740302376,377.55302313153993,7.938976966869198,3.226609961462421,0.772010721441603
546,6,5,131.92542780899277,71.9593242594506,59.96610354954216,28.167865538297377,4.269925583626275,115.38993247408844,72.79325904247871,0.07304811919928472,1.6318270382047464,0.7969367187217825
547,4,8,249.12522638183643,83.04174212727881,166.08348425455762,49.4922390180068,5.815118294405869,622.091402855523,416.1655013416429,7.645833985470145,3.287409235697627,0.7787331102240636
548,6,7,259.3432607222089,119.69688956409642,139.6463711581125,39.47483632583071,1.417623074153788,334.26828011777485,291.5292949925535,3.5643745679919423,3.0450967909478814,0.7535854855125201
549,5,8,331.89373529014915,127.65143665005736,204.24229864009178,75.14297111798237,1.9123878259483875,533.2516471163548,359.4637530547254,7.3075954097555655,3.194409205511066,0.7854911216914577
550,4,5,216.4350062137985,96.19333609502155,120.24167011877694,42.541393338458846,7.6695725973372975,219.218658247211,171.01336835357253,1.1012992071065666,2.5773130852914594,0.772984830205076
551,7,8,163.45134681961724,76.27729518248803,87.1740516371292,31.147167417226346,1.9687007431515025,271.1251066568824,183.16464918989465,0.6933074353411809,2.6442760420596727,0.7821022488703996
552,5,5,275.17717818473875,137.58858909236938,137.58858909236938,56.673496104077216,7.242975100347062,240.68818964042464,184.6772688607604,1.3268601787468626,2.6521731319206427,0.7753301470268403
553,4,7,139.4361934553063,50.70407034738411,88.73212310792219,21.294994908184893,4.419178795678827,177.0170407221751,135.1748531673993,0.7252206086308638,2.3347199023794096,0.7746838076867854
554,5,5,205.99290780138725,102.99645390069364,102.99645390069364,33.579202522767204,6.96948898897774,243.0835752284305,187.05309288868543,0.9497402151212775,2.6643927910109713,0.7718646506911347
555,4,4,182.4549095099524,91.2274547549762,91.2274547549762,51.64255608080657,1.2202733764916325,110.97273439299018,97.88252859687782,0.15862011993267103,1.9755039283575078,0.7589434678464707
556,5,5,244.3803336000743,122.19016680003715,122.19016680003715,36.85618561197437,4.607528867965323,137.82441561643373,133.59390093567848,0.9382698745705523,2.3220985923844193,0.745480367173598
557,6,6,181.25972599154844,90.62986299577422,90.62986299577422,36.12452534326625,8.005150373918063,216.38893614553237,155.02358330496466,0.5294529196991986,2.478416886776471,0.7808038892000236
558,5,6,286.96708419604283,130.43958372547402,156.5275004705688,52.19173797937462,5.124500885192192,294.5396419146608,291.8006527197594,3.6804337983774325,3.045803224708533,0.7379698347825371
559,5,5,271.4151574926344,135.7075787463172,135.7075787463172,44.59505338579346,7.12592639450907,198.8651176005763,180.75282630573125,1.5538410583301592,2.631491174288709,0.7537637048426657
560,6,5,345.0463044507117,188.20707515493368,156.83922929577804,62.171367184194025,10.032078848414706,327.7109876094006,321.282873353333,3.271950296539137,3.1167925148056215,0.7386545600044081
561,5,7,333.7085116727044,139.04521319696016,194.66329847574423,69.89529470099114,2.9360686478247118,489.0918178989004,442.49539391929113,8.445043042069962,3.3236654777750823,0.7472560494015449
562,7,5,328.813279677282,191.80774647841451,137.0055331988675,73.4149682675682,3.2647031620279963,364.4127172021547,280.2875950797989,1.1712085459660049,3.0148825772501615,0.7692621354088557
563,7,6,87.44286897695439,47.08462175682159,40.35824722013279,19.124160934431583,0.6052293472085032,85.86274567669602,83.99652948380754,0.03487406583131166,1.7986940901395927,0.7380092735020864
564,4,5,270.51732167118803,120.22992074275024,150.2874009284378,49.77707919152383,4.867490964196509,351.31895269454805,287.4067251378912,3.0248997576825873,3.0342342574718244,0.7634066138104817
565,5,6,175.75974649158036,79.89079385980925,95.86895263177111,25.958531658060256,5.431206881690191,175.53914193866262,158.91440444451766,0.8583558212620634,2.503726177824946,0.7524878389863564
566,6,7,298.0394568198737,137.55667237840322,160.48278444147047,58.84034310754583,2.4606014671730816,402.1939425659464,289.08807091656274,3.5825342030317304,3.0386941293657252,0.778695006901644
567,5,5,94.71502130426038,47.35751065213019,47.35751065213019,26.1177324459504,2.56934701699458,88.90752457670531,77.410174119746,0.031075403173055155,1.7035653818949703,0.7578468311388695
568,5,4,260.18766764897583,144.548704249431,115.63896339954482,73.72975377591833,5.336542015419579,189.85065699101827,182.8798006175273,0.3591023534628793,2.6427785380557967,0.7440396625658362
569,5,6,86.83984640937432,39.47265745880651,47.36718895056781,19.81851406599328,3.8327313347620686,64.1490383573709,64.04823472137042,0.04784335470044142,1.4828878575744462,0.7400795051265405
570,6,8,224.9264571236808,96.39705305300605,128.52940407067473,39.66157949823617,7.166072630236909,194.51745292439296,183.12750139233063,1.8838101971709762,2.6440809363120463,0.7483182921366492
571,6,6,291.50965098502706,145.75482549251353,145.75482549251353,53.5207097294952,14.090017219763356,179.89397244299363,179.4825870499648,1.813961538505532,2.624660319366836,0.74078538989545
572,6,7,111.49610773281113,51.45974203052821,60.036365702282914,20.53481739836938,4.203340627932489,142.11212651624786,110.56051094151896,0.20185459029252278,2.11382282672036,0.7704417810448565
573,6,6,170.36140284095757,85.18070142047878,85.18070142047878,29.455179479541005,8.246477872616632,185.27304944740604,163.0645002895132,0.5990036556262451,2.5298102002845426,0.7550270131180634
574,7,6,208.93609845829516,112.50405301600509,96.43204544229008,43.79928991293571,1.3671736581292144,123.39460392407304,122.73636117447892,0.3437411250944255,2.2299664162871573,0.7406393008441463
575,5,8,147.6763192999291,56.79858434612658,90.87773495380253,19.85899820832579,3.0191356336158712,190.1693843116616,185.8972602462084,1.218746022030127,2.6584757552850293,0.7386691932120911
576,5,6,261.4587466943032,118.84488486104692,142.6138618332563,52.36997571067378,4.339956771619659,364.2264172458096,290.5888680980455,2.749246727158002,3.042640434264713,0.7652800324101483
577,6,7,318.5646254072,147.02982711101538,171.53479829618465,53.40330914415466,13.94558447496516,229.6301804805521,189.01012471597977,3.324085545313582,2.6742932666823758,0.7682207588510553
578,5,7,142.27085088564695,59.279521202352896,82.99132968329405,34.26827908743876,1.9197573583129173,164.43582609776615,142.38273045790157,0.3611412867445595,2.3899364992667573,0.757673105292916
579,5,7,208.31008981699625,86.79587075708177,121.51421905991448,48.127640338498615,1.1728333498052304,234.9941614804368,171.83181395356092,1.0339386944679279,2.582030434432374,0.7799222349684282
580,7,5,334.45278540887034,195.0974581551744,139.35532725369598,70.13771300783046,16.485238379444457,248.804176571054,167.35288384366817,0.8905947826842517,2.5558249010737155,0.7909862135736545
581,4,6,252.38893425482703,100.95557370193082,151.4333605528962,50.29786745272912,6.47946193661723,502.5258755417572,335.48754906288553,4.035822777727695,3.147355380695407,0.7824499901533057
582,5,4,86.71713191234413,48.17618439574674,38.54094751659739,22.016193103501447,1.9733159243847425,81.4503940586452,67.2647485827928,0.0185385863381324,1.5397981335037965,0.7637991964108228
583,5,6,344.435174418116,156.56144291732545,187.87373150079054,63.06611928598619,12.885240378148968,609.7984995169578,400.7480296801865,7.568024071957268,3.264316448698103,0.7853404814944848
584,5,4,274.5892356943827,152.54957538576818,122.03966030861453,75.11347949841027,2.3258817674760315,318.50850157843774,207.7977265384984,0.5119623400825547,2.76236628814499,0.7893336580833822
585,5,7,278.01263890993323,115.83859954580551,162.1740393641277,45.744933913403386,6.958474310669632,296.5342781222733,229.1424838826261,3.853512133256331,2.84922357596359,0.7739820114835573
586,6,5,243.44159717213304,132.7863257302544,110.65527144187867,55.017637813541384,9.838353917918027,127.98412449286975,124.92080941873256,0.4141826227460345,2.2493068079425003,0.7445047682585693
587,5,6,261.0555164769878,118.66159839863082,142.393918078357,61.18744887426948,6.520800939146182,187.5895148500072,163.9692747538971,1.1842047741789572,2.5353765652071885,0.7599666854319522
588,6,8,163.2836253493486,69.97869657829226,93.30492877105634,29.650763458286708,5.951737395866439,240.085201133233,214.44804467597027,1.1370303734293186,2.790801988689141,0.7496561829596828
589,4,7,152.49545743095743,55.452893611257245,97.04256381970018,21.28553056056393,2.480223192342629,182.27749471676012,145.8041818938778,0.955500072836646,2.4148850941228286,0.7691223456805045
590,4,8,298.2928031168948,99.43093437229827,198.86186874459653,33.245916672832124,6.642500121629465,347.8381270832288,313.9706381230782,11.144864668456073,3.100189151322901,0.7531599933479197
591,6,6,296.8703982793563,148.43519913967816,148.43519913967816,65.8816844496876,1.5278143130132695,316.1675137293191,203.0973603270304,1.4822257682847975,2.7414479605688635,0.7935673629591385
592,6,5,106.79662141156014,58.25270258812372,48.54391882343643,24.489454531606505,4.023881561498285,133.5575419950318,85.68077494324575,0.04981599577133196,1.8217680358859114,0.7913025325811476
593,7,6,321.38211131033404,173.05190609017987,148.33020522015417,67.34716799242779,4.876078231676734,349.78122208897946,273.9280047508971,1.9478961807956934,2.996927746599566,0.7691151968999927
594,6,8,212.19968885723827,90.94272379595927,121.25696506127902,29.159337060370017,4.327929817820829,398.3698926728166,254.50837923533,2.887533664168695,2.937811533617981,0.7875817481197577
595,5,7,264.2714387099914,110.11309946249641,154.15833924749498,35.32065150677351,7.489971752890214,327.00171836083445,244.5489071582905,4.2273310515889975,2.904706002243891,0.776589361469875
596,6,6,204.755342821697,102.3776714108485,102.3776714108485,38.10839913430831,4.281724869056511,203.7374367555604,172.13316207934804,0.8077043323546554,2.583759471795922,0.7612895574612171
597,4,7,108.732740801029,39.53917847310145,69.19356232792755,15.323489626219608,2.3298345772809954,147.88481983692367,133.77360442237574,0.4443262138044826,2.323542858933904,0.7504131023120566
598,4,4,277.03384986447816,138.51692493223908,138.51692493223908,52.78109967646034,6.832265923152645,296.10286815349264,272.76472088319656,1.9666297787655784,2.9935724385408435,0.7478854036240401
599,5,7,336.4102659885366,140.17094416189025,196.23932182664635,65.52595448611697,7.709244979573847,478.8523324987506,332.3775955734886,7.112022267040564,3.140846222759784,0.7836052523022663
600,5,6,334.63352202417536,152.10614637462515,182.5273756495502,73.99945520309704,8.346935108514254,324.91572024782033,240.0747111033696,3.2499075261596047,2.88915235762869,0.7797525030556294
601,5,8,176.007764738817,67.69529413031424,108.31247060850276,35.14450426474167,3.83188384562427,237.59914610595484,150.32556085068117,1.0060970010553179,2.4466919834632606,0.7951199959319966
602,6,8,337.73973951478973,144.7456026491956,192.99413686559413,46.96669141350064,5.732357318146583,367.03214049466857,248.5255516024561,7.046407144411129,2.9181689104108997,0.7891380210239115
603,4,4,319.99239151717927,159.99619575858964,159.99619575858964,68.991765635237,7.36400088557431,324.3957575009575,238.6912797333802,2.0466583858535685,2.884253332456421,0.7790456665238621
604,5,8,169.41719256530945,65.16045867896517,104.25673388634428,33.27601133475853,3.14420080398924,206.3650595936686,140.24448314556992,0.8802311474371645,2.3739420639956896,0.7883695904055414
605,5,6,89.67008733993634,40.75913060906198,48.91095673087437,17.29740778230754,3.609920578798039,117.67784932609854,105.59069187455664,0.1170922974827377,2.0619156149912765,0.750361125124322
606,7,7,194.62328168802696,97.31164084401348,97.31164084401348,32.66280044906023,4.989066556774118,259.7823265567328,175.95853874002313,0.8951798075843445,2.605347314511671,0.7852442041488381
607,6,8,230.61394997306007,98.83454998845433,131.77939998460576,44.74697537861325,6.151036078355406,288.56410750163457,212.4256260281356,2.0324393099628413,2.7822936846774446,0.7781247207644866
608,5,4,192.53547985275927,106.96415547375516,85.57132437900412,45.77031339310231,4.122481853516914,159.14537219920797,148.7468239751224,0.2621269786307836,2.4357319859033386,0.7474422895934777
609,5,8,282.7910846831484,108.76580180121094,174.0252828819375,33.49559098320954,10.472903933354072,557.5598577693017,410.47124332531416,11.107297779325732,3.279051015251454,0.7716786226996382
610,6,7,99.03206968975556,45.7071090875795,53.32496060217607,19.75956965954418,3.3467272023441192,98.38659289060028,62.02290965132198,0.07127213628062884,1.445682616938771,0.7972665641869051
611,6,7,154.83673120082875,71.4631067080748,83.37362449275393,26.001607157332497,2.899903368616884,126.45957654093948,118.70537410314084,0.45620269062616287,2.193132216282043,0.7485929394635851
612,8,6,106.99286469385892,61.13877982506224,45.85408486879668,18.40491092192964,2.4985437081336404,76.47730381196541,65.6038438126727,0.048923137908669936,1.5107366163736817,0.7610500977607403
613,5,7,155.87768904119645,64.94903710049851,90.92865194069793,27.74700858285826,5.412630344462601,163.0887038158255,156.88064129580073,0.7671785569017631,2.4906027599194056,0.7435117395119326
614,5,7,174.4313882948419,72.67974512285079,101.75164317199112,40.23559032821429,4.4004839447182,198.11178432686484,167.50185779338884,0.7159247670029077,2.55671208796182,0.7614555847459652
615,5,8,183.4939324097417,70.57458938836218,112.9193430213795,34.6168009924056,5.144677026949995,357.0078417273106,265.146968381824,2.1584767298137932,2.971033016507395,0.7705310266738132
616,4,6,178.18688156559384,71.27475262623753,106.91212893935631,38.56848487636597,6.199308735705417,404.4173577532062,258.99470088868134,1.4305050548352531,2.9520791824878296,0.7842573629160441
617,4,7,312.6344030613753,113.68523747686373,198.94916558451152,58.345603042567404,6.344181734491236,336.79520777775986,334.37928006369924,8.28381420714413,3.1450471065718313,0.7388187771042241
618,5,5,219.16610581212677,109.58305290606339,109.58305290606339,60.22405523094841,7.837419288473244,215.78280191714876,172.70647995321673,0.41935742368331197,2.5870373675080973,0.7690108668829162
619,5,7,158.22979391468365,65.92908079778486,92.3007131168988,35.14084457361113,4.821572079460253,118.51505993214094,116.2422655863316,0.4252052695755196,2.169860627163502,0.7430540569980009
620,5,7,284.3923480253361,118.49681167722338,165.89553634811273,67.80481506092757,3.030132756446396,302.4831900187201,271.4827757399794,2.9419481480264946,2.989848776024988,0.7534055542857443
621,7,7,200.17489629291492,100.08744814645745,100.08744814645745,37.543784843558065,1.8355005480213573,154.51916079947028,106.2868496960248,0.45673396540677136,2.069358033487442,0.7888512084463615
622,5,4,194.0097816970425,107.78321205391251,86.22656964313,44.1127504453726,8.427962745444749,251.17637364886596,177.9165995984474,0.3696124184360466,2.6161446083187476,0.7792192049191405
623,4,8,342.3147566283916,114.10491887613053,228.20983775226105,53.46589413747066,5.037347772346741,696.0100588781644,528.566705708202,21.855149394735907,3.4201138056657325,0.767940611979444
624,6,4,190.6317052540404,114.37902315242425,76.25268210161616,43.53782451982999,9.43575974052179,167.09142374025078,140.65554392925588,0.18237381511648218,2.3770414911530646,0.7615507216019288
625,6,5,221.16530955988335,120.63562339630002,100.52968616358335,47.86157271139013,6.646968445969204,233.6217313376686,217.08459470254604,0.6754466770728756,2.80171701504342,0.7455052980146145
626,5,5,178.04528051885566,89.02264025942783,89.02264025942783,36.65369759118837,2.426193620012722,164.89019754879223,109.13468104827383,0.30401202068423033,2.0992173880147984,0.791838658986047
627,5,8,218.71904962958465,84.1227113959941,134.59633823359056,34.121965360588725,2.097356342038512,226.45898066844643,177.2390941660036,2.3033435319456808,2.6124276208760167,0.7728592654079067
628,5,6,154.36267926985812,70.16485421357187,84.19782505628625,24.02063373654198,3.188905573206381,185.803223230264,149.2765524662534,0.5881455096613817,2.439426698193678,0.7667703615727448
629,5,6,164.5759098694577,74.80723175884441,89.76867811061328,22.45862532558957,2.4103977497932765,193.2032187311112,123.46753722456724,0.5730807799406146,2.236487413032325,0.7941795969241247
630,5,6,309.718719256238,140.78123602556272,168.93748323067527,57.32115509110467,11.176485626083988,219.0208749310761,212.23002058002228,3.1092142443470427,2.7814644190282687,0.7449663619173627
631,6,5,338.6107421897184,184.6967684671191,153.91397372259928,58.61625182653783,2.750010881683069,246.0815693211169,190.576217167039,1.8044849481366663,2.6821109068668565,0.7746069762596914
632,6,6,242.89255421290028,121.44627710645015,121.44627710645015,46.18375108960071,3.669909924126256,280.2560227265948,186.03712417727309,1.191146762285383,2.6591945452084,0.7893007946985786
633,4,6,262.8289932565208,105.13159730260831,157.69739595391246,38.63809600164839,5.740268842345674,506.9195018341878,330.2998013212457,5.169429722666821,3.1364417183057403,0.7858586682951062
634,7,6,170.94059060306392,92.04493340164981,78.89565720141412,27.82330475779157,8.662366398311196,206.05064291569727,129.36278718890856,0.3939298096213984,2.2873594316539267,0.7946920751591268
635,4,7,186.554695587188,67.83807112261383,118.71662446457418,24.3583943054289,4.04140840193856,297.9668838816308,274.48598809534525,2.908446137502549,2.998529234584036,0.7448767655655351
636,6,5,287.7233967545568,156.9400345933946,130.78336216116216,61.730433736359856,2.4936117750042555,224.64122796475755,207.9624059112052,1.0679607830368782,2.763086570200314,0.7494415507534737
637,4,6,333.5821908465281,133.43287633861124,200.14931450791684,62.92237203584761,5.499854698845998,664.1036218112293,455.6483371049648,9.970869380400378,3.3404294793243317,0.7788247572571969
638,4,6,96.32907382150051,38.531629528600206,57.79744429290031,12.92898367531524,1.3965271505377206,109.44047058051396,82.19199118839191,0.15525712261222652,1.773423459083669,0.7770288535545298
639,5,8,250.9510939309438,96.51965151190146,154.43144241904236,29.221718483548003,7.188810863496841,272.19370375162094,263.26034265929616,5.467091395615951,2.9652940180678287,0.7427127513955952
640,6,4,196.0736729073294,117.64420374439764,78.42946916293177,54.72628400256329,3.187993964775806,130.98950602853128,108.32907449858136,0.0531104821704928,2.090864741682268,0.7659233491095525
641,6,5,141.68860044011336,77.28469114915275,64.40390929096061,30.59610381993785,3.6530965683990835,88.43803285790061,82.98022349192463,0.09522571129943508,1.7845328214902116,0.7494951989093753
642,5,6,341.5406143453712,155.24573379335052,186.29488055202066,55.94795214673296,13.803329986498028,446.8036369632569,321.3193902312863,6.52128524970947,3.1168738935641143,0.7801146125837044
643,7,7,146.39228188905815,73.19614094452906,73.19614094452906,28.77407272789032,2.122602607898109,151.34011440780355,132.54455991057222,0.28898149692210756,2.313615157386878,0.7555653339753758
644,4,5,228.51259690965853,101.56115418207045,126.95144272758807,57.3633723352598,9.571979408984559,179.429564248,158.03115272775838,0.8512029757493921,2.498054891360848,0.758659189033562
645,5,5,246.1845265363553,123.09226326817766,123.09226326817766,68.27680754257136,3.60411979879559,273.84151636834133,211.8316524906216,0.6224696590122442,2.7797720476074597,0.7715017389772759
646,6,6,240.9128623519441,120.45643117597206,120.45643117597206,37.77810093884749,10.486388967711026,135.96840037803366,133.57794246687666,1.046523863103422,2.3219702147767527,0.7435888135307015
647,7,5,142.03763878703992,82.85528929243996,59.18234949459997,31.42615971366737,4.998288025676549,90.15136556835256,71.76655012643894,0.05155618936840172,1.6152604275396811,0.7718673853398572
648,4,8,180.9189415102721,60.30631383675737,120.61262767351474,29.92487983838655,1.359771102495711,203.3405991099802,194.38736399637037,2.061647173307123,2.7007556894735574,0.7446409281570967
649,5,7,284.9878063405671,118.74491930856964,166.24288703199747,50.1560588321014,4.801851143880644,302.5352440840287,235.9158762915488,3.911817590658247,2.8742935736359714,0.7727490228600128
650,6,5,275.48103689466075,150.26238376072405,125.2186531339367,55.01958765179989,13.209028403302822,148.20155487809566,140.28088604589755,0.7797305099428573,2.3742170221030188,0.749172552656645
651,6,6,162.15128844756907,81.07564422378454,81.07564422378454,31.49871805532481,1.2462736940018546,141.23265422873607,110.13104283044082,0.28669506490577384,2.1094472615240414,0.7730277170110897
652,5,4,321.17981073126805,178.4332281840378,142.74658254723025,90.87877666512996,17.22948157326176,440.0078988278575,314.1218145597305,1.0367830307964407,3.100538733876935,0.7775870887824018
653,7,6,341.12824206690385,183.68443803602514,157.4438040308787,60.555951966610785,3.1603989649989717,310.3645773650573,251.36566257554907,2.692024559674028,2.9275832597156883,0.7668992444472953
654,6,4,85.77490302709374,51.46494181625625,34.3099612108375,23.42182011889291,2.7107134754686,70.27737851387994,45.33127905231074,0.004266707046088618,1.0913630873328704,0.7941549161906761
655,4,7,298.70774515697866,108.62099823890134,190.08674691807735,60.62850943654301,1.4825466361128827,499.84747270043846,334.02406695865216,6.874557811964808,3.144304630770343,0.7863400864607668
656,5,6,194.588126654768,88.44914847944,106.138978175328,29.604886641353264,3.0726307679701867,179.63068612304323,172.9514654171389,1.100036314050577,2.588433428247013,0.7436649313987443
657,6,6,330.51690727274774,165.25845363637387,165.25845363637387,60.99513197758985,15.318664988179597,318.128267546899,281.51646930255504,3.7224180811832146,3.0182781718760516,0.7556372458101176
658,4,8,175.1941067861649,58.3980355953883,116.7960711907766,28.61880280377914,4.593063803977183,324.0995673177944,283.33018219435263,2.973858478389265,3.0232472245104782,0.750796324631831
659,6,5,159.07276741718456,86.76696404573704,72.30580337144752,33.925178500791326,8.266429569649071,218.6770277020631,156.34698674343497,0.26174526637889645,2.4871209911709293,0.7776636317731889
660,5,8,162.67772077181075,62.568354143004136,100.10936662880661,27.90227151236648,2.7650638559039327,372.153821560957,242.1871567008995,1.6733161868469202,2.8965505298499767,0.7820447036972268
661,6,7,311.97741183440434,143.989574692802,167.98783714160234,66.71580371272528,4.155923547778167,433.21211841237846,342.94816096945215,4.099643226873132,3.162575571123087,0.7660460924321485
662,6,5,112.08608473848584,61.13786440281046,50.94822033567538,24.164616825092313,2.901736134647258,92.42453313366416,89.87352337002534,0.06564602078498571,1.877160669305916,0.7416597043762011
663,6,6,111.68187564691908,55.84093782345954,55.84093782345954,18.035627677147563,4.025021169168215,118.63050840763243,75.69136714478648,0.11302431791104399,1.677371924937712,0.7949101749008107
664,6,8,176.68202528181658,75.7208679779214,100.96115730389519,27.39175946587377,4.240268066285544,203.73047233030664,183.84005882600053,1.311493265186141,2.6478136282789224,0.7516763305050149
665,5,5,191.32938924477412,95.66469462238706,95.66469462238706,32.508137409325805,7.468214120787635,249.7175164451382,180.01177414782927,0.7721911663081223,2.6275143523486624,0.7786503858350383
666,5,8,137.70864333580752,52.964862821464436,84.74378051434309,24.259405011745894,0.5371412796476714,274.349191006261,199.83204086154143,0.9408959154916772,2.7264949206692846,0.7714606263478878
667,6,5,306.82239425218233,167.35766959209946,139.46472466008288,73.20180619767235,2.680410859884459,329.2768301822632,241.9690519018231,1.1063946752540064,2.895791251858848,0.77697501739504
668,5,5,226.55815101124784,113.27907550562392,113.27907550562392,57.12482433955206,9.149868614201951,177.20742979328156,126.43024533828869,0.4222173813322163,2.262425787089728,0.7849948683786415
669,5,5,177.65118118877638,88.82559059438819,88.82559059438819,37.83595649404669,1.1125767951449257,207.1833208079577,154.76578799154032,0.42008697026232233,2.4767096831104967,0.7750239303769786
670,6,4,173.34189814027917,104.0051388841675,69.33675925611166,33.44814652144069,1.3565726560223084,176.3446635498836,134.71177724795317,0.17643816759284148,2.331042707314541,0.7708941546158179
671,4,7,294.6177870615061,107.13374074963858,187.4840463118675,46.69428174576893,10.671036963857798,770.9071752918411,491.4993408700417,12.485861007545411,3.3821705079789455,0.7822090008293646
672,4,7,118.02982358893632,42.9199358505223,75.10988773841403,20.973903774991932,1.7308054035071936,153.76741578323333,109.81470338650372,0.36721765592240324,2.106211283049036,0.7822677559035434
673,5,7,278.51380134880526,116.04741722866886,162.46638412013638,47.14586478454813,8.237693320156938,515.9204722488136,365.3816917392078,6.206047591333414,3.2052348983497967,0.7765533778511611
674,5,6,199.9910278697473,90.90501266806696,109.08601520168035,37.50794797307871,8.494371725493155,222.1998914637714,212.59881194293416,1.294192534660474,2.7830269616362413,0.7430570528595134
675,4,4,201.6644942649065,100.83224713245325,100.83224713245325,47.287355072645944,6.877882870739939,210.8461667755837,135.64865615328378,0.4138127028723595,2.3384655454658416,0.794151267366382
676,5,5,116.20697001328756,58.10348500664378,58.10348500664378,28.42874587847349,0.773631909977123,103.1336621891897,87.18358277480544,0.07443536616669094,1.8419517314154992,0.7621497138498518
677,5,7,331.46407237333403,138.11003015555585,193.3540422177782,66.33151669347556,4.031086835680133,476.58703993613824,331.67412546767696,6.5885997497355095,3.139360047562657,0.7828889197858729
678,5,5,215.1235587792029,107.56177938960145,107.56177938960145,52.8900834371717,7.058974883199209,161.043124932247,115.75699417126438,0.36356394292248034,2.165204890543804,0.7843034928634319
679,6,5,231.35027175856487,126.19105732285357,105.15921443571129,43.654790924062,10.469931305202122,168.13448636875322,149.7705004330399,0.6385847956158478,2.442856160725297,0.756378833118452
680,6,8,139.1527136855363,59.63687729380127,79.51583639173502,20.570937240005183,4.104937359627196,128.67006532705335,128.08163297145703,0.5729997850593525,2.276555122790488,0.7390181444500408
681,5,7,296.3144820142568,123.46436750594033,172.85011450831644,51.71886337549833,10.587985184583141,368.7466882992156,330.72576241570846,6.227105798977664,3.1373483460451594,0.7520820424175204
682,4,6,214.6536188699729,85.86144754798916,128.79217132198374,33.68814708598105,3.3338340995984677,257.1792200884489,184.7902332474708,1.7923476889929026,2.6527592064379224,0.7818422139582824
683,8,8,118.10849992538944,59.05424996269472,59.05424996269472,20.751113215023892,1.5839361351229415,86.28641649131401,63.87203423077396,0.0986839991329458,1.479694151967422,0.7807799061272456
684,5,4,239.42674534284376,133.01485852380208,106.41188681904167,45.25280458652211,8.001760115905073,292.26814315544385,220.1105491898308,0.8728166510094169,2.814003765840098,0.7722984014447457
685,6,6,96.58052001637633,48.29026000818816,48.29026000818816,18.97467608041318,1.1916340986866358,115.2938637246028,90.21855881997962,0.08027881510270567,1.8815939171739404,0.7689042126851036
686,7,6,102.21334296652633,55.03795390505264,47.17538906147369,16.75670059890214,3.508165271045022,106.45268304270624,74.34391423117712,0.07204713430152733,1.6564160528281255,0.7843326351692471
687,6,5,209.1832604799304,114.09996026178023,95.08330021815019,49.87185221775221,7.518476048509152,307.64243241302444,194.32283736872887,0.4237875048067961,2.7004444056082177,0.7900616610381227
688,5,5,249.86408740602823,124.93204370301412,124.93204370301412,43.367917393011226,10.632315328374363,348.5727757123863,230.96044576220504,1.7019380308524703,2.856061282274302,0.7875429146934407
689,6,7,126.51940335925596,58.39357078119505,68.1258325780609,25.818183340610982,1.5936306518790344,137.54082114113538,94.8086187703844,0.18303429663553383,1.9388560926152356,0.7865114037351757
690,5,6,316.6918873921579,143.95085790552633,172.7410294866316,75.51553232470864,12.959797527187565,374.7777293132156,256.90491477368533,2.7484359712063684,2.9454811169679336,0.7869058738329097
691,4,5,161.53158792125086,71.79181685388927,89.73977106736159,21.686952605473007,1.2168349026164744,150.60813121039402,147.57016380180178,0.6001037146303799,2.4274621808173977,0.7408340591080383
692,7,5,81.55700796178536,47.574921311041464,33.9820866507439,14.926746378883875,3.733087817942764,75.82501526240026,55.74216955553735,0.019507070457182328,1.3229754317995686,0.7787567043342777
693,5,4,315.5085865136285,175.2825480631269,140.22603845050153,76.0711364082038,10.658407797579311,273.05827899586046,234.6882729374753,1.1502327592694193,2.8698312768508893,0.759504676842801
694,5,6,190.51622112062088,86.59828232755495,103.91793879306593,34.71124433913125,5.717255965147917,236.8147613848408,149.74578705903232,0.8125401003385598,2.442684934921303,0.7949678365690379
695,7,5,346.40165251205605,202.0676306320327,144.33402188002336,73.29629209709285,8.715067831006218,347.3923352878758,245.8534640788326,1.360713411630034,2.9091593540844363,0.7818015549968974
696,5,5,153.48849162446265,76.74424581223133,76.74424581223133,36.67294676557328,6.213981662381201,139.1904875744483,112.59073011685707,0.19320470629473818,2.1342361651773927,0.7684865401721069
697,5,4,225.21558837024708,125.11977131680393,100.09581705344314,52.45382292537272,2.8807693317932324,239.78247182183264,214.89213807401177,0.5411957953933653,2.792654390956122,0.749869754607611
698,6,7,91.7288114383951,42.336374510028506,49.39243692836659,14.6704970386039,1.1740370795645771,90.11672615286211,77.21088045489235,0.10088207316242134,1.7005586003181792,0.760107219859359
699,6,6,168.52186597776603,84.26093298888301,84.26093298888301,35.23614591243831,2.512573812016172,125.4808904410331,105.77372406860955,0.2663503330990529,2.0638779125490414,0.7641286603672542
700,5,7,89.98744050892606,37.49476687871919,52.492673630206866,14.478458661169707,1.716337478517505,116.82314497501793,114.3202776815103,0.1909913432826208,2.1512809706058116,0.7374955620907894
701,5,6,81.65134511841916,37.114247781099614,44.537097337319544,17.296866914203015,0.3743285876748846,98.92642737481644,93.20097178711016,0.07112976814392737,1.9191558985581214,0.7431810659823643
702,6,5,301.27122171725694,164.32975730032197,136.941464416935,69.29609944917068,8.55409039293871,314.40947086465746,287.2938494836926,1.4579590689872326,3.0339333651432745,0.7482156617805185
703,5,8,210.6411654940952,81.0158328823443,129.62533261175088,34.81845216752038,6.016459186445786,194.4696779274347,178.8783444112187,2.1227592574518814,2.6213869449491587,0.751800304643317
704,7,7,123.34166234630656,61.67083117315328,61.67083117315328,25.31456691136048,0.8014913294176361,104.6281554131972,100.87027593912887,0.13718517153746126,2.009896793923609,0.7432746226978044
705,8,6,331.745811923205,189.56903538468856,142.17677653851644,58.73616929899326,10.589245977458086,345.6900322434081,275.28640198097366,2.242579879059654,3.0008176223209184,0.7670462723283198
706,4,8,267.35805736434327,89.1193524547811,178.2387049095622,52.191750288943645,7.027966444974798,530.7558298931702,343.65009844318104,7.371427634607792,3.1639796543664205,0.7882222384620765
707,5,6,223.918683282528,101.78121967387636,122.13746360865163,48.586499802848905,7.655215195243657,204.57614256198275,173.17586960095457,1.070888682175973,2.5897097870039913,0.7629104447270835
708,5,5,143.7131902719713,71.85659513598566,71.85659513598566,33.16229019660284,2.026512033296216,155.84294601211676,121.05291543482817,0.1882043173448591,2.2147676854295657,0.7712945188573196
709,4,5,107.9464584406182,47.97620375138587,59.970254689232334,28.43606087887638,0.6441181002865394,108.70090471151458,71.57115681586377,0.06675123498967499,1.6120813425815947,0.792445051233809
710,6,7,267.1374643977439,123.29421433742026,143.84325006032364,53.41615742512351,3.7312913213779466,450.3786682227026,288.34041982104964,2.8309616295934625,3.0367160356880194,0.7881995483435602
711,5,4,175.04120793866736,97.24511552148186,77.79609241718549,39.02230201108585,2.609905198818032,128.50763417864596,123.72925980692884,0.19436532654654917,2.2388099249197877,0.7439450655491772
712,4,6,241.72938097280303,96.6917523891212,145.03762858368182,32.414439948598165,2.1902015739840577,356.7589344663676,324.7515359880938,4.330904053774172,3.1244561471543046,0.7467480660091887
713,4,6,194.21298675949072,77.68519470379628,116.52779205569443,27.08293066011246,4.73625690658901,205.62936280623148,173.55074490223868,1.468420958287453,2.591836849502648,0.7626818610647134
714,5,4,253.86634115382648,141.03685619657028,112.82948495725621,64.95137842191595,8.464268434461937,175.00550934972554,128.56569299224873,0.33838186782458035,2.2806533121800285,0.7815999249024136
715,7,6,123.50061516405589,66.50033124218393,57.00028392187195,24.20249877702852,1.7505491135326174,114.05359582188056,82.67623869843104,0.08920852872469286,1.7802616114568526,0.7808236038593533
716,5,7,186.8549394545065,77.85622477271104,108.99871468179545,30.122565302324144,5.746441615371273,173.54551439890233,142.16951643705266,1.0665178155244457,2.3883557612403274,0.7676438784965224
717,7,5,290.56568871861907,169.49665175252778,121.06903696609129,55.14291433392419,12.86800883439162,275.568237549675,219.34485439020213,1.1107812420524923,2.8109185712619333,0.7684362742621961
718,4,7,165.95060379254392,60.345674106379604,105.60492968616431,20.439701528281653,5.189281286632533,324.1091491678519,224.32913348130504,1.9305545401751598,2.830718560771635,0.7800728317570179
719,5,6,140.99765222717593,64.08984192144361,76.90781030573233,24.56165719411766,3.0683651359399446,180.18829675610493,162.39200531796033,0.4980628942216334,2.5256453791221247,0.7496082389987005
720,6,4,322.2406490394834,193.34438942369005,128.89625961579335,73.07770226266223,7.169343767819473,355.0658428689039,274.550414393902,1.0157774678218443,2.9987138175565398,0.7684813114358819
721,6,5,299.1013487445076,163.1461902242769,135.95515852023073,72.4602777086497,4.641688721674514,235.0905166066181,149.61408179667995,0.6051231376046987,2.441771783850939,0.7965535509064043
722,5,8,282.30133273982506,108.57743566916348,173.72389707066156,64.806231387225,1.383532017436913,486.6276203818678,361.8392219479472,5.177422749749451,3.198789892447649,0.7722866553036494
723,5,5,190.16606604868937,95.08303302434469,95.08303302434469,33.788959653873,4.135287032928139,198.2824804926181,141.08063171969053,0.5443246431977986,2.38023428007173,0.7827186663447498
724,6,6,280.5971796249264,140.2985898124632,140.2985898124632,51.90764327996893,10.494731287584969,404.3129838170108,253.0127778835404,2.3617245675995124,2.932968397577896,0.793126048642709
725,6,5,109.18737450519856,59.5567497301083,49.63062477509026,24.801730914328903,5.1499710359703785,111.05193386418476,78.34102102441902,0.04858528049115733,1.7175057420266968,0.7835641732443115
726,8,6,254.63363412441,145.50493378537715,109.12870033903286,44.999993902754404,2.377245264865797,326.84514818990954,231.87784619501983,1.0708923055262975,2.8594810464826574,0.7770310076328144
727,5,7,218.83563509121905,91.18151462134126,127.65412046987778,35.24402457841008,6.770296413051553,255.5921159220468,188.458950412225,1.9869392051614976,2.6715197967183615,0.7789914484257388
728,6,5,123.9044913291146,67.58426799769887,56.320223331415725,21.296223626343625,4.160349028310852,79.07284365736842,62.85954277817167,0.07304183544714472,1.4611840939935419,0.772453710623507
729,4,7,333.95048487603754,121.43653995492274,212.51394492111478,55.837882414357416,11.42535353037954,347.4096484259343,318.41310986297395,9.899267913665263,3.110349931851775,0.751707571818622
730,7,5,346.62037177855353,202.19521687082292,144.42515490773064,61.774686247196335,8.646416500813965,363.8833199334099,311.2579081243946,2.429745875023935,3.0938696848964398,0.7563423560686922
731,6,7,167.81583776901363,77.4534635856986,90.36237418331504,34.542518240377454,1.2456442671152206,283.8308607027835,193.64459163323693,0.6950614193888328,2.6971634237184565,0.7805106535611321
732,5,5,241.5214618319843,120.76073091599214,120.76073091599214,65.32134089998733,8.495296430515001,237.9014148282293,182.11096021202255,0.5724001668192265,2.638720030793795,0.7747044491949409
733,7,6,342.5708377738704,184.4612203397764,158.10961743409402,63.503051371216785,7.190041962625759,223.7636971480545,173.8471833495145,1.7548851763224198,2.5935143195556583,0.7751610039439405
734,4,6,266.8100028344097,106.72400113376389,160.08600170064582,33.171492971120394,7.7615104551993195,385.30400492306313,274.9314778779932,4.7398167862624625,2.9998041841722207,0.7806704982034987
735,5,7,247.47596614863295,103.11498589526373,144.3609802533692,36.938389583662115,5.019310939444696,355.2312681010356,314.8511502489871,4.503367511157303,3.1022214509910655,0.7511381489652877
736,5,6,181.89948643951337,82.68158474523335,99.21790169428003,27.22514637481099,3.760429662419354,129.11030011719856,117.67643866762536,0.642287845048933,2.1834831367017116,0.7540086937973683
737,6,8,239.81346822434733,102.77720066757742,137.0362675567699,40.04520294978887,8.488691745960876,401.1107722811003,251.7243029978872,3.1954275550749145,2.928760435668408,0.7923537629741993
738,4,8,346.06042697658336,115.35347565886111,230.70695131772223,59.560392452525065,8.22466737034743,450.0575153358021,365.9383450283107,14.589112871021237,3.2062382327453784,0.7666639094096115
739,5,7,97.10963023026714,40.46234592927798,56.64728430098916,15.195323834728272,3.604153157299831,122.17223051344602,84.20482823057185,0.16413832115781518,1.8015742117248799,0.7862377978492778
740,5,8,322.1445475129119,123.90174904342766,198.24279846948426,72.52987001065412,1.84101199041598,553.6877229755048,471.1757867915962,9.198934702651481,3.359180673211446,0.7539385539246063
741,6,5,179.2716756924346,97.78455037769159,81.48712531474301,33.691912689546655,8.782914204180665,260.5239822264216,172.0848369054035,0.4512508530629979,2.5834824816303987,0.7858216192369548
742,4,6,312.2115562860082,124.88462251440328,187.32693377160493,59.92723575781821,5.934485578616821,559.6196689747551,445.45452930379736,8.454053787967826,3.3275108961618836,0.7623260993746607
743,4,7,237.2271016552692,86.26440060191607,150.96270105335313,46.50426978160032,6.08386134718009,323.75822783369847,284.80181547527826,3.895918438796256,3.0272422624169666,0.754573475180933
744,4,6,245.1788814083524,98.07155256334096,147.10732884501144,49.168892847811655,3.0004394452799055,271.55528723871697,240.56910989871088,2.617060521460669,2.890892710910962,0.7551910194568192
745,6,6,339.69678206793003,169.84839103396502,169.84839103396502,74.97108703458319,13.125401068625749,446.8230396224658,289.6961499524264,2.9503943954764584,3.0402969703802567,0.7907365319142403
746,5,4,218.09958301759735,121.16643500977631,96.93314800782105,58.97773481253981,6.344975766598269,268.7559269705314,203.5575514455129,0.34520499328013915,2.743527151987975,0.7712267305458561
747,5,8,101.2724829112139,38.9509549658515,62.3215279453624,11.68892654449582,2.451804593381209,197.0132828898091,124.6394087713482,0.3962620729311377,2.24683912783541,0.7895930464398602
748,7,7,317.0222465619944,158.5111232809972,158.5111232809972,49.80522283848391,3.962987995396543,410.2750073594024,290.352762143523,4.250429860968367,3.042021749208761,0.7801925493737921
749,6,7,117.83733063482671,54.38646029299695,63.45087034182977,17.23011121734164,3.7412687690953055,103.13053871415872,74.14719118631837,0.1748777613583998,1.6533248986045515,0.7837445745521153
750,6,8,234.25901201032303,100.3967194329956,133.86229257732745,40.121875692957005,2.960128754115657,358.34661750996776,301.95657307090886,3.5126403755652413,3.071511083760405,0.7565999129099205
751,5,6,161.79859237344357,73.54481471520162,88.25377765824194,24.3054773264928,4.08921090065153,119.13352048041624,116.399557375832,0.5056702924170187,2.1713646321932694,0.7433232964716812
752,6,6,244.195994560527,122.0979972802635,122.0979972802635,54.96121797293941,2.7854304198579944,285.1621671170588,217.49344470889477,1.0517119392021566,2.8033919859354843,0.7725290029874591
753,4,5,269.70343368963364,119.86819275094828,149.83524093868536,37.44153963353655,4.674730436271354,260.3476852321864,197.53124202179896,2.321727969505902,2.715743569788581,0.7766092412676006
754,5,4,228.88176343716876,127.15653524287154,101.72522819429723,43.152207194019375,8.225149276140872,190.57132447170736,173.3262712791476,0.6235370588541072,2.590563945582063,0.7517986257979865
755,6,6,330.9518645734571,165.47593228672855,165.47593228672855,78.24499864500496,1.7201433831338864,385.2308087376198,318.80629344424096,2.523033712606991,3.1112381751472533,0.7615405702715164
756,6,4,310.9454402447425,186.5672641468455,124.378176097897,67.98267704521315,7.485083283824668,464.1870552751945,292.66844473838614,1.1044633418049539,3.0480553743222605,0.7864773812258621
757,7,7,251.34748866770235,125.67374433385119,125.67374433385119,40.51183001490136,6.74366354214089,206.5234933291883,130.84833676447394,1.1330732413025915,2.2997190771550398,0.797457897261223
758,8,7,210.76235616818585,112.40658995636578,98.35576621182007,36.79006214899296,6.490406692106182,183.7629849754312,142.47961119260697,0.6270948074882573,2.390653734937807,0.7735594912214634
759,4,8,289.0071192146193,96.33570640487311,192.67141280974622,53.86181197185953,4.463762688723916,573.9483891439561,542.3118683286148,14.214763220840373,3.4330256423748473,0.7364189740704425
760,5,6,329.3257294241294,149.69351337460427,179.63221604952514,69.04964971783845,13.909805100490239,383.0215598514727,341.63021229428807,5.042440588921223,3.1599265015548696,0.753109945437637
761,6,6,243.9025576549361,121.95127882746804,121.95127882746804,50.7190299444649,11.920756391819362,289.18079620283464,191.9238125690079,1.1251348910847903,2.688764420710819,0.7897602853633278
762,5,8,141.0620505547815,54.25463482876212,86.80741572601939,16.766521667729272,5.133565715852743,229.50789665836476,163.7478243873245,1.0478894091227395,2.5340180548318236,0.7794070081540175
763,4,4,255.69793888862625,127.84896944431313,127.84896944431313,57.14837783444921,7.786600648625887,355.4867060672615,251.26278684104503,1.3532485655097266,2.9272451100268464,0.7797021035625231
764,5,8,303.546335683704,116.74859064757847,186.79774503612555,58.67520394165784,10.74207001570921,404.03187219994936,258.3803303090166,5.617010783449338,2.9501480196039815,0.7943585431766893
765,7,8,120.69386468178932,56.32380351816835,64.37006116362097,20.903377490469573,3.6023360619409144,128.4422305654039,100.0726333739374,0.2273651784313802,2.0008297513156417,0.7722003965422138
766,7,7,192.23430775041885,96.11715387520942,96.11715387520942,29.269282722914756,6.818469862329717,185.33478091879945,119.64518416023093,0.6426824979280078,2.201856359765461,0.7945139846321139
767,7,8,179.8936852141922,83.9503864332897,95.94329878090251,27.30023794790292,6.186938802885816,134.2480809607267,115.48999394635972,0.6930808948884831,2.162633150702095,0.7619431529604005
768,4,7,255.3922723118887,92.86991720432316,162.52235510756552,28.917683824254823,9.006709250852289,469.355631884972,308.42385063529,6.592901751908701,3.0871720697080023,0.7874159980813471
769,4,5,298.58379310532814,132.7039080468125,165.87988505851564,40.75046758647896,2.0029799225060425,294.7233541599225,204.82212628060307,2.8980482418787306,2.7492054161255894,0.786654396588981
770,5,4,320.46967215550256,178.038706753057,142.4309654024456,84.75106630874988,8.600329932140177,385.2805523799374,270.85099183762145,1.0771425305948463,2.9880034805153133,0.7808192232931602
771,5,5,277.8477803074866,138.9238901537433,138.9238901537433,60.61057722502025,5.69007071176018,246.45675432231064,189.7239768666481,1.273245126785344,2.677868154812782,0.774709952808774
772,4,6,253.2640665307915,101.3056266123166,151.95843991847488,34.55969643603454,3.9611819105236954,254.59508353011972,201.02876828347263,2.893655988160771,2.7320162236112964,0.7718497527265442
773,5,6,140.35168107045436,63.79621866838834,76.55546240206603,20.693821497635696,5.351816810961711,165.04534856765608,160.59700296268215,0.5620109271697322,2.514412341419135,0.7394862897830193
774,7,5,265.6646945860539,154.97107184186476,110.69362274418911,56.88055631042912,7.398903776134013,258.5320125289267,175.78558549487764,0.5444681093977806,2.6043854980367325,0.7868982360704896
775,5,5,128.61017084359082,64.30508542179541,64.30508542179541,23.24218560577496,1.5562369413118398,130.4955931976212,106.129732517649,0.1748810772614153,2.0676833387036746,0.7660485813865839
776,5,5,182.8464948781673,91.42324743908365,91.42324743908365,43.35091974381912,1.0247079405414954,121.8593400003738,93.07661776915448,0.2116935561610982,1.9176163546989693,0.777410230259026
777,4,6,342.2729295433565,136.9091718173426,205.36375772601392,56.517351870606575,6.202698380155002,296.4144018280431,263.04479287782635,6.4879609300653485,2.9646342515132478,0.7571805501942472
778,7,6,287.79651443001484,154.96735392385415,132.8291605061607,54.89577289006233,2.5742256202257376,288.7995799235929,265.6591295148427,1.8208097699610954,2.9725800083548024,0.747408360340562
779,7,8,271.64685199393193,126.76853093050157,144.87832106343038,50.14154309504777,4.518149028579088,253.2835890757357,173.30574574140343,1.9087271886358739,2.5904474382783493,0.7886765632975824
780,7,6,81.45817839108169,43.86209605673629,37.5960823343454,15.698690887591503,3.27286366279964,116.93884789299184,73.76927598379672,0.036066032578491496,1.6473636933064029,0.7911172874743251
781,5,7,223.8440930750928,93.26837211462198,130.5757209604708,45.47917434340354,8.141376448088552,270.3839628264347,267.4960987295566,2.414282549202286,2.9780905496492425,0.7372921032040556
782,5,6,205.13387990652407,93.24267268478367,111.8912072217404,37.0565218698965,6.328400017801117,166.68640296157727,133.289720480942,0.8367172807278516,2.319648232318675,0.7712684885952087
783,5,6,214.116007547486,97.32545797612998,116.790549571356,36.67971274193953,5.889481068374621,211.4793469775976,187.75886312517025,1.3749860050922722,2.6679802316191688,0.7553856612897145
784,6,7,345.41105774516177,159.42048819007465,185.9905695550871,54.13374312641318,4.206890669478939,529.783141870872,388.813715262598,8.444574087263568,3.2453866962475666,0.7738971299834942
785,6,7,321.67930022612074,148.46736933513264,173.2119308909881,68.33303374799536,5.1962685751293485,363.5601029821154,330.25992379702745,4.255293729832681,3.1363567442822315,0.7499909476342408
786,5,6,245.5097771985475,111.59535327206704,133.91442392648048,33.71368045602914,8.50825981485978,363.89537129037694,275.33826273043803,3.14285527911498,3.00096553179148,0.7716959726751087
787,4,6,295.0464514674121,118.01858058696484,177.02787088044727,58.052230737575606,11.347244623544771,481.2701018354244,339.8676286615778,5.765913220966818,3.156357411810727,0.7802524522961884
788,5,4,229.5666864388542,127.53704802158566,102.02963841726853,59.79637222226379,1.6044720998987425,261.4377136676389,194.84163230006075,0.3883567408928413,2.7029429187161007,0.7738499732664552
789,5,6,284.1347927661343,129.15217853006104,154.98261423607326,44.0100107543555,9.39941490918592,283.989092174819,217.0212061173844,3.0611169966227836,2.8014569056354435,0.775506622928614
790,7,8,132.62314954729726,61.89080312207205,70.7323464252252,22.25739628812261,2.087014644616037,165.4730463452597,128.99181308291185,0.3757672228738467,2.2842448688970496,0.7697891196329225
791,7,6,311.8617704507718,167.92556870426174,143.93620174651008,61.92756491648844,4.646247250339982,365.69859222619175,258.07230691681605,1.9418926506068517,2.9491771224096053,0.7809480875395479
792,6,7,159.9936555005093,73.84322561561967,86.15042988488963,35.43106246671954,2.884746877093959,132.31190959729824,103.2353920139666,0.27502128223584754,2.036304708929112,0.7740584682553566
793,5,4,153.75216236296978,85.41786797942765,68.33429438354213,39.103768791003766,5.209576046405702,157.831864443037,147.2216121598305,0.14649250842635006,2.4249956761709286,0.745168968503621
794,4,4,202.9282835548056,101.4641417774028,101.4641417774028,39.99127628851279,3.5655481184584064,191.7020775683409,129.94808999089514,0.4558819604729504,2.2922504912558646,0.7891195746989437
795,7,6,300.3570780253676,161.7307343213518,138.62634370401582,65.78439554863674,6.037196513308473,216.6450145348797,195.36936504177964,1.0572742370013846,2.705474638571145,0.7543783468251434
796,6,6,158.39436118139994,79.19718059069997,79.19718059069997,35.16226557824464,5.712688453090496,134.71185639740278,86.08158071001911,0.16764862791157897,1.8271879475154025,0.7964748817398397
797,6,6,259.91401065615264,129.95700532807632,129.95700532807632,44.90471347679595,2.988869029613338,251.5309191358383,176.81937050881427,1.430241483388045,2.610114864107528,0.7846797898218638
798,4,8,223.55485900153607,74.51828633384535,149.0365726676907,34.866155703134474,2.33781566804408,372.8969724927125,250.70767050523543,4.279407385829964,2.92541677186453,0.7865648352825265
799,7,5,171.6189820883941,100.11107288489654,71.50790920349753,35.62324581168249,4.36599332081667,133.35221751710128,126.84915639463,0.17194349040257684,2.2660318910834376,0.7448449485342026
800,6,6,110.7086329139632,55.3543164569816,55.3543164569816,23.976514575583273,4.606353571068725,142.4700288007381,102.96754983562496,0.10695601139157251,2.033349336307275,0.7786273027725059
801,7,4,258.48935926192786,164.49322862122682,93.99613064070104,51.09475406455968,16.420599322360083,322.6413918538168,252.4124763869824,0.6075045655711868,2.931012025374621,0.7644726680974221
802,7,5,260.60377814403626,152.01887058402113,108.58490756001511,46.40109006705716,3.4552195303222053,192.44964905477525,149.97357446297343,0.616025771271248,2.444261727914166,0.773098046795676
803,5,6,202.2891392466012,91.94960874845509,110.33953049814612,45.67020263155117,2.0927203190967485,299.2215561898805,232.15622273554837,1.0870321883769378,2.8605147019881847,0.7676452456914241
804,6,5,151.68590085272578,82.73776410148679,68.94813675123899,28.059877241286166,7.065231442348361,114.62950827805184,106.09145239709316,0.19249334061320902,2.0672748748376706,0.7504916669736331
805,5,5,87.13623364548572,43.56811682274286,43.56811682274286,13.575334594854876,1.4980082395843437,84.14353127046196,57.4076720553611,0.043258922909764574,1.3566486400148992,0.7881993756294772
806,5,8,292.28634784241706,112.41782609323732,179.86852174917973,45.56583187545412,7.183929712532276,504.8927093695566,458.11680470567967,11.365272370488182,3.3434834600773358,0.744877958277718
807,5,6,113.24211942979,51.47369064990455,61.76842877988545,28.90539959797648,2.8093242022369,142.37190057000674,89.05089648557002,0.09165140465931493,1.8665157734704234,0.7958770025616708
808,5,7,204.44961977323248,85.1873415721802,119.2622782010523,44.27903412187488,6.216805690098235,214.5678467141972,172.43412522558668,1.142698928277521,2.5854820967766523,0.7691739551454024
809,5,5,216.6883158925947,108.34415794629736,108.34415794629736,39.32108675045287,9.19030540748438,143.17371465803905,117.60971825051676,0.5929181137386487,2.182853891386859,0.7685646967385082
810,4,4,118.72439030531032,59.36219515265516,59.36219515265516,24.90142422531225,1.106787217558341,145.27514829773554,91.71502375850731,0.0977643258543418,1.9006091226248003,0.7938304719762083
811,4,7,206.3137345847383,75.02317621263211,131.2905583721062,24.669198254359568,6.216811686364878,270.6653502496088,248.52287540307637,3.3474325522619517,2.9181599614434197,0.7488588303285447
812,8,5,336.6937118433636,207.19613036514681,129.49758147821677,62.51332223939013,7.158939321539572,234.58473788533743,203.62836442993864,1.0086650204350145,2.7438464826935896,0.758651841405856
813,6,4,93.08765791201792,55.85259474721075,37.235063164807165,24.52667671506328,0.8537441473909869,86.35596563198982,54.06098063230841,0.007577169130848959,1.2881036678534046,0.7954581430385835
814,5,8,199.5933600136679,76.76667692833381,122.8266830853341,25.954045163817952,3.808325609380341,311.94803842027835,228.1515119320402,2.8043292126454693,2.8454618030126726,0.77660175858048
815,5,7,150.66362226472566,62.77650927696902,87.88711298775662,19.4809902559179,3.437389307433817,152.97899989758758,145.89404500500694,0.792980974212404,2.415529943362364,0.7449627780095484
816,4,8,151.93767996051432,50.64589332017144,101.29178664034288,23.968648264504225,3.741397991068762,250.4260587650828,199.7182479334665,1.5749973943968376,2.7259674134032563,0.7660107072087744
817,5,8,147.8000329617186,56.846166523737935,90.95386643798068,27.510164424338388,3.017541709103837,198.7686523142013,179.21806222929115,0.9314885058098823,2.6232292193136204,0.750560398306171
818,4,8,329.6455231520946,109.8818410506982,219.7636821013964,54.0939472323077,4.053028515613936,607.6767128493493,444.43587603248704,16.439498931848938,3.3261920938666365,0.7748498778092271
819,4,7,305.0839091049772,110.9396033109008,194.14430579407642,53.14870294932663,8.553223514868815,625.2229692307852,502.734379650953,12.776417733647781,3.39418526518803,0.7592951537664665
820,5,5,347.5298921090913,173.76494605454565,173.76494605454565,61.22377116933687,14.94693753552952,224.42768628881635,180.12155043638373,2.4981660448280767,2.6281049193949815,0.7716923763657355
821,5,5,83.55200633616681,41.776003168083406,41.776003168083406,18.317407533768858,2.4335702058172477,93.1770277153196,71.96921986371561,0.03896470102019292,1.61854897015474,0.7720290157124988
822,6,5,196.7728500037717,107.33064545660274,89.44220454716896,48.67571206351769,2.1225584356424743,226.78168857047507,168.83035254945418,0.27621803879773044,2.5645757538368317,0.7743029353347091
823,7,6,135.91314718022397,73.1840023278129,62.72914485241107,25.14318069261588,2.891299255460022,96.87053973746572,79.05967224037806,0.11436793681370763,1.7281530272640213,0.7683106291085328
824,4,8,304.5441442961843,101.51471476539477,203.02942953078954,47.190612294446964,2.426135105175288,712.4397677315088,540.4675829364585,17.597059193330974,3.431326669830255,0.7638941918545801
825,5,6,206.56529816243045,93.8933173465593,112.67198081587115,29.56309600923649,4.174646455227005,288.26297032296645,203.5590586710445,1.538727825359768,2.7435339505030383,0.7808331684916949
826,5,7,208.21814130865448,86.75755887860605,121.46058243004843,29.19789027284013,7.768079879279255,244.01632726345736,218.7443474650648,2.3150733666659695,2.808487710417557,0.7529673304836454
827,4,4,272.85403361227696,136.42701680613848,136.42701680613848,59.9592537280606,12.948218294384558,354.993865215784,245.2121927966161,1.5914634515710355,2.906974787739255,0.7839951858172546
828,6,7,185.42278385870168,85.57974639632386,99.84303746237782,38.5606942629589,3.822109828509862,165.4184058736045,130.08795514807764,0.5465848023106815,2.2934151362165913,0.7725483562916119
829,5,4,147.98690149149496,82.21494527305276,65.7719562184422,36.55259633003772,5.033603959751617,172.7586761675381,124.50651353886067,0.12112133090615451,2.2456713127222008,0.7785574282870211
830,6,6,156.29788229725932,78.14894114862966,78.14894114862966,25.80118160930776,4.271435465921588,143.06904031265776,119.2290038350884,0.3610343341709812,2.198003423334395,0.7641912706232223
831,7,4,224.50683732187125,142.86798738664535,81.6388499352259,49.64959998602344,1.6702268002821097,155.8564958648829,141.10642592271873,0.15746921864943422,2.3804276133595277,0.7516160299699449
832,8,7,98.58089765215894,52.5764787478181,46.00441890434084,16.99442905335282,2.0734416766095385,65.4957191737097,64.74734139452129,0.05582747023617863,1.4954800820724483,0.7411072823188791
833,4,5,286.2400776498558,127.21781228882479,159.02226536103097,69.93031762721273,6.197416206983149,257.6505339553018,249.60075489891943,2.2014745456308593,2.9217523535674164,0.7432111682976792
834,6,6,332.13287968685586,166.06643984342793,166.06643984342793,53.766520904679616,3.10416168845036,308.32676008491904,295.62407809257985,4.246515599742547,3.0556468921250937,0.7431835748069481
835,7,8,94.5743034016238,44.134674920757774,50.43962848086603,14.994408369215948,1.296423774625774,108.51155740887128,91.09159172490828,0.13684616046562859,1.8927289674019576,0.7609844420962415
836,5,6,119.76122641862662,54.43692109937574,65.32430531925088,28.979177813771848,4.01366231328941,121.95505396835247,99.4442908290338,0.1344860749808749,1.9936288064421575,0.7669907233779529
837,5,7,309.25551495261203,128.85646456358833,180.3990503890237,39.71800155228247,3.658320799410252,514.6668377073003,324.51699288717475,7.6704737279756,3.123942144561443,0.7915899499468726
838,5,5,307.9196763927072,153.9598381963536,153.9598381963536,88.36033957402665,3.0826400648077548,354.9277475127069,271.84007825202644,1.0841083297262073,2.9908893984688896,0.7721459379598165
839,5,5,271.2034675781072,135.6017337890536,135.6017337890536,70.55594066293439,6.724430570662744,168.41374210450357,137.62556598113116,0.5975699595275932,2.3539138466958405,0.7693800166885285
840,6,8,205.8130262018381,88.20558265793063,117.6074435439075,35.67268199935512,8.084573591507164,357.12661924358014,250.34885753226317,2.255939346179487,2.9242316611937325,0.7791505624332908
841,6,7,130.9976298526057,60.46044454735648,70.53718530524922,20.450752101806906,2.736164240154208,99.62543817561478,97.01150822420892,0.2775421176298477,1.9652524205311226,0.7435015014738556
842,5,7,111.98855312875708,46.66189713698211,65.32665599177496,24.4868184738138,4.300782303911224,161.14255913539296,107.4583934206555,0.20135981797162636,2.081754456792353,0.788371007949962
843,5,6,301.99545796451025,137.27066271114103,164.72479525336922,42.083509039867046,6.649769271823105,460.3115288381754,322.81206536466993,5.431369030643753,3.1201875697783112,0.7801980776676322
844,5,7,210.488277144908,87.70344881037833,122.78482833452968,27.99076185285834,5.803864307434672,329.01885023571583,261.53604555037634,2.8805509473049886,2.959992533852936,0.7651815906080508
845,4,6,180.84479566185337,72.33791826474135,108.50687739711202,34.58069325955513,4.387716719730268,265.938876591476,235.73580076148937,1.4798086214434667,2.873641211787346,0.7512960842468754
846,6,7,166.91032793408235,77.03553596957646,89.87479196450589,27.08880928592214,4.76296706483254,204.52412166396212,167.81028773441585,0.811217886596451,2.5585454254606077,0.7637068856399549
847,5,7,107.77456799261807,44.9060699969242,62.86849799569387,20.004270303588985,1.0011429991229903,81.87694691622711,81.31015407404442,0.16238918771404287,1.7608620369332866,0.7407941121715389
848,5,7,305.88731997427755,127.4530499892823,178.43426998499524,57.44344193149716,6.396028996126197,320.4096248035855,261.521783958413,4.752170235849901,2.9599484589584475,0.7669996552956435
849,4,5,292.99838568781973,130.22150475014212,162.77688093767765,66.19551500618383,7.630249156153284,363.890522828562,287.69955049335937,2.9979474357422777,3.0350139681068944,0.7688330687868378
850,4,6,186.512076499251,74.6048305997004,111.90724589955062,40.966933745430495,4.847928313271745,267.7192786926544,232.88291055717357,1.3611492263462863,2.8632041987435835,0.7545452903898615
851,5,8,147.60692469322606,56.77189411277926,90.83503058044681,17.257915780093963,2.224515700103965,167.08442139340372,134.61474272046388,0.8978135108421283,2.3302701162257953,0.7683802053059023
852,6,6,103.75482746177492,51.87741373088746,51.87741373088746,16.534602168945685,4.887717470096126,150.96261769789788,99.42186850308528,0.13834394043397572,1.9933708828843963,0.7876645495029376
853,5,5,338.2666552199825,169.13332760999126,169.13332760999126,55.284843406617085,5.828570060335224,324.873984771044,268.1796294908023,3.6035541632465846,2.9801259459388154,0.7647889438700802
854,4,4,252.75595878894208,126.37797939447104,126.37797939447104,66.37508281834091,5.677040293918849,270.95691515688725,217.71145070426928,0.8878761228540729,2.804283197128458,0.767228576750575
855,5,5,283.4193252842416,141.7096626421208,141.7096626421208,75.47538222148899,3.332098807931829,182.49112059100716,157.0304039609707,0.6896977849046909,2.491576991527056,0.7621523696737039
856,5,7,346.30319324446583,144.29299718519408,202.01019605927172,82.63380898123332,4.273496407435634,309.1692287480039,279.8908557961969,4.499105697731743,3.0137812956189713,0.7538061767538122
857,4,7,259.109472127707,94.2216262282571,164.88784589944993,37.92629935209004,5.321952041415957,344.9886900124741,288.097150110736,5.634102761581004,3.036070649705573,0.7621679611932046
858,5,6,299.9635634366018,136.34707428936446,163.61648914723736,62.49629273134631,7.431473532716175,323.6061635577586,231.4017909435566,2.7438309006013,2.857709026692749,0.7826952959769721
859,7,4,107.37572254662877,68.33000525694557,39.04571728968319,24.5547324044605,0.9449020948009748,122.91658898587494,94.14058762042714,0.020312958618667453,1.930715478029175,0.7660709682000922
860,5,5,326.5515052939156,163.2757526469578,163.2757526469578,78.85899014070402,3.4221922811183902,265.9569206763766,238.36275995677536,1.8399860111054462,2.8830836183333397,0.7547503638688925
861,4,4,114.65106140527368,57.32553070263684,57.32553070263684,30.367964017381322,5.506795912187795,145.30689352987633,96.67588472762483,0.07794378412406243,1.9612745228877186,0.7886372768523027
862,7,4,173.52722407347966,110.42641531948706,63.1008087539926,41.08309184361189,7.692223282801881,146.70209251074948,114.09514149360874,0.06129637546054928,2.1490798904961306,0.7713610259227643
863,6,4,279.4402794712248,167.6641676827349,111.77611178848993,63.43206529808083,16.710022260451673,344.2832497556656,267.6566349227463,0.8093924071755731,2.978569318878331,0.7672401561862087
864,4,5,195.3235800278564,86.81048001238062,108.51310001547579,50.20214347026707,7.136956293554558,273.26226966498007,199.61246555797555,0.7608386059323383,2.725476648378482,0.777411304773759
865,7,4,286.11712423657394,182.0745336050925,104.04259063148143,68.10079353205923,10.285309926622237,333.04844728036335,233.4035932712803,0.347235941754538,2.8651234692582515,0.7786610114523723
866,5,6,197.5289827982395,89.78590127192705,107.74308152631247,35.64230408044257,4.823401323168193,245.08246859876604,213.0141376227259,1.2752557886103897,2.7847818760255785,0.7555095020560489
867,6,5,113.49931985688808,61.90871992193895,51.59059993494913,24.912391709048407,2.071505517465303,92.22351291182883,65.75356926959583,0.04404218212867431,1.5133845499177443,0.7838913996076241
868,5,8,271.04287264828275,104.24725871087799,166.79561393740477,57.59555822418653,3.1142447580314756,228.829391974045,219.72488812265755,3.2591137569730937,2.8124518352371446,0.7457442033062343
869,4,6,270.4628216709249,108.18512866836996,162.27769300255494,47.68425437281066,10.440075826857948,382.5035798888589,333.22539013396965,5.167887383498851,3.142630496635356,0.7549056046595668
870,6,8,88.89336983084704,38.09715849893444,50.796211331912595,14.706943795860902,1.3997890769458876,95.3334123182692,83.55019636148134,0.1288581351780135,1.7924972151908978,0.756637037206364
871,5,4,311.42071785526525,173.0115099195918,138.40920793567344,85.80263181527806,10.207362132688866,302.6477617958462,249.7175504338064,0.8238215741886795,2.9221401814209997,0.7637546425757215
872,5,4,85.44719727715794,47.47066515397663,37.97653212318131,17.71573217514129,1.6591813665470385,104.97626187654474,73.38629214832382,0.028375202693525108,1.6412915577798297,0.7808324075132411
873,5,7,191.63281120418327,79.8470046684097,111.78580653577357,27.22586339444973,7.761183594180816,280.5811630646064,181.83860255546355,1.6075169414947608,2.6372764977008534,0.7913296435145533
874,6,6,255.1748145280128,127.5874072640064,127.5874072640064,38.43745710154285,10.744223739004214,183.54085385883465,136.02815288205682,1.2323692148182486,2.341453520679707,0.7810157706961693
875,6,7,147.23686405783144,67.95547571899912,79.2813883388323,22.62085067917774,5.30115980598864,216.90957718221975,143.5387103624929,0.5635256591112744,2.3984530730530507,0.7877287897237709
876,5,5,202.4915844948561,101.24579224742806,101.24579224742806,42.45372651749925,4.0252429729114825,189.25121892515187,146.3448075423144,0.5390658821183573,2.4187566725138083,0.773658768810433
877,4,4,272.4611191279729,136.23055956398645,136.23055956398645,47.580109203063394,9.686236734863112,324.7875361819316,205.1222866799908,1.5318567622899257,2.7505456843573586,0.7947540804591685
878,7,6,197.3354913460685,106.25757226326765,91.07791908280085,40.85673385009065,3.0992630555870386,151.26006326509588,107.318158693665,0.2744100454329642,2.0802789886218753,0.7849693721620346
879,6,4,248.36358409743025,149.01815045845814,99.3454336389721,60.89155159399212,5.915069784271523,238.1139579253825,203.1176745788673,0.3506577172860446,2.7415398876393646,0.7575870997520154
880,5,5,105.10777028292787,52.55388514146394,52.55388514146394,17.16473500014099,1.6444184462190823,112.48364568807018,89.70924176591724,0.1047200333816622,1.8750433415423302,0.7680667812604771
881,7,5,214.78438726253947,125.29089256981469,89.49349469272478,41.77406200097149,6.119699961285385,210.1339591598516,149.0587639413543,0.37218680277905974,2.4379097972190467,0.7819557248568463
882,4,7,89.07001626354011,32.3890968231055,56.68091944043462,17.452307734971033,2.9698179056450136,137.99079152414393,133.56580543445494,0.2465767096157896,2.321872565491121,0.7379799560220422
883,5,7,275.2506709956328,114.68777958151367,160.56289141411912,42.74366263562881,10.95903398849558,291.24835428004457,257.24644116068384,4.5420737523715236,2.946565089524225,0.7562815214868157
884,5,5,128.99674221717302,64.49837110858651,64.49837110858651,21.453749932065037,2.1199802236593746,156.5391855662306,120.76757924794109,0.21891049007048377,2.2121656642813035,0.7706181850811618
885,7,7,123.17608471922156,61.58804235961078,61.58804235961078,23.29185573197524,2.6018369131062644,132.17435277364913,109.07858301089942,0.1776414558435117,2.098638123592704,0.7635843180679351
886,5,8,206.9052926165378,79.57895869866837,127.3263339178694,38.68044912183348,3.723165831107165,329.52240774491924,308.8731870561611,3.2225909364410086,3.088240565369848,0.7414109971821842
887,5,5,96.3911363390048,48.1955681695024,48.1955681695024,25.89035311649377,4.0350266841804325,97.81527028248831,84.07600021986785,0.039663805191926055,1.7997938122894381,0.759114241840117
888,6,7,346.9570063550712,160.1340029331098,186.8230034219614,79.9789582144737,2.8754672832850625,370.85118798283,260.4741412517873,3.185026657473222,2.956700511419417,0.784455267036626
889,6,5,305.6375679751262,166.71140071370522,138.92616726142103,67.27333822119037,15.790051314222618,331.43697890713247,235.0789050533846,1.3965769110855184,2.8712550441322597,0.7822903303013882
890,5,4,185.2714423401427,102.92857907785705,82.34286326228565,31.987487441573617,5.963817237053167,128.83106767085076,100.36840455323772,0.23819263754771305,2.004201492899206,0.7743684568048499
891,6,7,100.82821100305016,46.536097386023144,54.29211361702701,14.93713964294282,3.4004390980675425,140.41420973468328,115.96590463782998,0.21362742550780264,2.167212096506019,0.7608777342517479
892,6,7,265.1161249472337,122.36128843718478,142.7548365100489,48.03836234030153,8.169589068257988,250.2965520826632,160.41771025186378,1.7443566234330734,2.5132809268021963,0.7958781810414565
893,5,5,249.81956925175896,124.90978462587948,124.90978462587948,39.30882581153028,10.732137358388607,315.8769514603772,216.0584513142237,1.701010736705545,2.7974923991396365,0.785416030550634
894,7,5,100.64057128844982,58.7069999182624,41.93357137018742,21.87260406049984,2.311821855973277,111.2191923756274,81.90903229728623,0.03157855344389656,1.769408205023687,0.7754020672139816
895,8,6,116.7353310448971,66.70590345422691,50.02942759067019,20.33711688544459,1.9330760748731737,121.80250570849742,77.244157417813,0.06882766093883676,1.7010612036856463,0.7936774925456477
896,5,6,82.58807125537885,37.54003238880857,45.04803886657028,19.066119355031837,0.4623949924178424,114.62600870283724,81.78455052675841,0.05460148708431312,1.7676371885872424,0.7792559306226858
897,6,7,264.87955263069773,122.25210121416818,142.62745141652957,49.882303206089546,10.985110227495182,230.52392815443437,193.98238236356264,2.05322378588672,2.6987995387484816,0.7641020436110252
898,6,6,155.37120047746302,77.68560023873151,77.68560023873151,23.74076267314821,4.8924201526567,111.2485116955566,98.22936276439704,0.3075399917043117,1.9795573082144151,0.7581507110662955
899,4,7,213.1376321893592,77.50459352340334,135.63303866595587,30.252607457553232,1.162554563894747,249.43187991176976,245.44591457926288,3.17679051542187,2.9077720012141803,0.7390533880285259
900,5,6,88.38248709962515,40.173857772556886,48.20862932706826,16.452088012772315,3.469729965849867,75.42613026468956,69.18112342364753,0.07179604263217859,1.5724977605314212,0.7520899836488986
901,4,5,317.351677466714,141.04518998520624,176.30648748150782,67.52722108547493,3.323448394624183,289.2937597667535,210.41284590812316,2.6198289009772604,2.7737062118336895,0.7820574783836927
902,4,6,202.3812457479945,80.9524982991978,121.42874744879671,28.922840112949142,3.9727682642358673,317.40184261317086,230.6295367742481,2.1187384430148524,2.854822725270412,0.7769504739626251
903,6,7,173.8096034183946,80.21981696233598,93.58978645605863,31.14868791382928,2.650265185512008,268.664238969264,188.39747962997205,0.8860577833113618,2.6712097606564433,0.7794673169153697
904,7,5,230.84560885709428,134.65993849997167,96.18567035712262,46.88305593987364,10.578595853713743,231.7126513998468,221.71984735184648,0.6185238472457494,2.8204361685823653,0.7409804635098787
905,5,6,339.3628324762184,154.25583294373564,185.10699953248275,81.78558388477803,2.9300680335391522,540.5117789472778,346.0718236155138,4.087797057780184,3.1687878875514857,0.7894019424445933
906,4,5,87.41624460058821,38.8516642669281,48.564580333660125,14.215635400603537,1.15603856614045,116.5406391590631,81.11312769917932,0.08382006749388818,1.7580360783339817,0.7833119301957322
907,5,7,206.44075147152188,86.01697977980079,120.42377169172109,42.74096441513903,7.825264007255034,197.9840160382112,192.7236381319647,1.4154338412347351,2.692681742852008,0.742546388221948
908,6,4,344.76890485204336,206.86134291122602,137.90756194081735,90.30689846717478,2.120641850451142,435.65116483540737,279.50047575668594,0.6832809668506229,3.0126952601321046,0.7875447310119992
909,4,4,207.80568239526616,103.90284119763308,103.90284119763308,31.51032141333067,2.593440150446221,240.3427111418544,173.0892291633018,0.7480078970984464,2.589217270010475,0.7797989045200089
910,4,7,291.11865895256915,105.86133052820696,185.25732842436219,46.59658635066943,8.04564283254454,518.5186805606803,450.76796375451227,10.948216512072689,3.3343071009868166,0.751520990690399
911,6,5,240.67729281617017,131.27852335427463,109.39876946189553,45.631673277516995,4.688832857300773,140.95633568208393,124.92231089707008,0.5339032517064258,2.2493199561893955,0.7581225726912493
912,4,4,304.22557033193925,152.11278516596963,152.11278516596963,55.49568163087781,12.292330200234383,404.1995563002142,259.1678887032112,2.409999779090275,2.952622284091307,0.7918465311824859
913,6,5,127.32097662187272,69.4478054301124,57.87317119176032,22.962756230717517,2.6659143563024394,100.0569412389251,97.0642414317816,0.11969965632497914,1.9658760176572505,0.7424349106929349
914,5,6,187.0011509996376,85.00052318165345,102.00062781798414,35.25719646142324,5.883356310079329,177.5386202544124,171.9023839501071,0.8816261653051769,2.582435720544819,0.7427769808006972
915,5,4,339.2337639117461,188.4632021731923,150.77056173855382,85.15347879257662,14.473112335219469,319.0546865616216,219.3848990901953,1.1537116372400222,2.81108032007863,0.7870058546371331
916,4,5,238.3718602558852,105.94304900261564,132.42881125326957,42.21319376818179,5.024123744042633,199.60596384850817,184.44268440213864,1.5159821849700148,2.650954445655147,0.7510268662161761
917,6,6,269.6537685597996,134.8268842798998,134.8268842798998,41.74100919919917,7.941304782298395,275.7231112099263,206.73186149005323,2.0703235230736143,2.757683997298414,0.77678677120532
918,4,5,109.56685644899764,48.69638064399895,60.87047580499869,27.97047170780972,2.099275150961401,155.76703187600444,122.9969817265727,0.13932937611779816,2.2322962857921826,0.7667002022429971
919,4,7,167.72571294392668,60.991168343246066,106.73454460068061,23.12337265444847,1.0813571173760959,279.35577424262647,196.51707903385545,1.5743535110473736,2.7109466511447025,0.7804730875479136
920,6,4,263.6045926472692,158.16275558836153,105.44183705890768,71.69871759237192,2.743447685087876,191.90251715682967,132.1011105370957,0.14460401913340412,2.310004233717963,0.7876436869062804
921,7,7,196.5190992612895,98.25954963064476,98.25954963064476,30.22887293591785,5.500198356842039,235.0042173102708,152.4696622278209,0.8597004440556344,2.4613332759536983,0.7916684823827901
922,7,6,124.92589412524497,67.26778914436267,57.65810498088229,24.84934549563236,2.960173500994109,104.46261515004528,70.07404594923028,0.07357448734802441,1.5874388991502655,0.7907388929150714
923,4,5,282.7218851395095,125.65417117311533,157.06771396639417,57.04438694642142,5.805175397984912,377.4588700955564,266.39577887829284,2.8587827301114506,2.9747969317313254,0.781838686840022
924,4,8,293.16499118207435,97.72166372735812,195.44332745471624,39.954917613883296,2.629509364917863,740.318933117911,515.6487372476214,16.47946940620606,3.4074312227755312,0.7726961842216236
925,6,5,257.16814337244443,140.27353274860604,116.89461062383837,51.52572426797386,8.144416073360764,201.51368042981036,164.2881324923377,0.7801365883955291,2.537328214506386,0.7677921318481915
926,5,5,270.9010147564485,135.45050737822424,135.45050737822424,58.81403651082599,11.149686052932894,255.07476387230705,169.3025666475763,1.1193315053938842,2.567350295157154,0.791816729744599
927,5,7,245.68110984379825,102.36712910158262,143.31398074221565,36.0346522211576,3.019074433368123,514.52919467254,326.0287527227045,4.581808673667202,3.1272446236741267,0.7859420214139219
928,6,6,146.62223013314036,73.31111506657018,73.31111506657018,26.622390651676135,1.235332399763158,193.9428882591297,138.651363763287,0.3298223268936539,2.3618171499818783,0.7784564848600973
929,6,7,117.17794767283186,54.08212969515317,63.0958179776787,22.319981275953243,2.995616657258329,137.17281664556484,102.22815564017203,0.1926400353502725,2.0251444882685106,0.7767148657594887
930,5,5,292.1353344292367,146.06766721461835,146.06766721461835,58.5116355541486,7.577528956863074,164.5889869317174,146.60473889519997,1.2033641709616623,2.4206113924056476,0.7580651671429511
931,5,6,131.763292500292,59.89240568195091,71.8708868183411,25.28522834123995,5.163300492246179,200.0087554921041,129.92630941203444,0.32024536607864046,2.292068983215456,0.7895919283157352
932,4,8,313.10096073394664,104.36698691131555,208.7339738226311,31.700751280749344,8.656561439379978,791.6793538792319,615.4241499895284,25.36841814560668,3.4930652411198126,0.758863918313142
933,6,6,84.122912706629,42.0614563533145,42.0614563533145,16.707839797677337,1.374296391207943,123.04536178262698,77.64311760225846,0.05054551098354624,1.7070698928464398,0.7912725073469379
934,7,8,132.19180919475045,61.689510957550205,70.50229823720024,19.903224057625597,1.5135749037709292,162.78405962466698,119.71499803344592,0.3814979026153545,2.2025010731845063,0.7772321487901833
935,7,8,87.76961949699869,40.959155765266054,46.81046373173263,15.571130610593064,1.558223021106252,104.0309203580754,66.30461669355235,0.07084726480915297,1.5230816360441655,0.7941814289171536
936,6,4,175.0074541733903,105.00447250403417,70.00298166935612,43.94815219001026,1.9764791599301748,190.69503405980868,134.22990440959276,0.09844769362213608,2.3271989681033705,0.7800049607291986
937,4,5,330.56174065198786,146.91632917866127,183.6454114733266,70.2424798183141,4.490082311176842,384.17111829977046,338.9950191838554,4.724949366476429,3.154579200759503,0.7542557185568821
938,6,5,237.61174270377668,129.6064051111509,108.00533759262576,52.74053037871169,7.980528456774369,210.07571972465092,207.2181892825273,0.7064742762469682,2.7598247976510946,0.7387478798393701
939,7,7,140.75418918377972,70.37709459188986,70.37709459188986,24.685332976286887,4.731959547733384,134.98841425910584,89.53967593433923,0.21036755442073327,1.8728534743214755,0.7916282730546232
940,8,6,159.83430779315324,91.33389016751615,68.5004176256371,28.584322151537297,3.2833309913573823,184.84897616090095,142.7386884982783,0.24956784745325036,2.3925686224441116,0.7689129828646639
941,4,5,283.63346153570853,126.05931623809268,157.57414529761587,70.05857575747117,9.623752581304428,330.6833305475094,221.5061005453965,1.9111866847724195,2.8195858386852546,0.7896915719902016
942,4,7,343.7053488648436,124.98376322357949,218.7215856412641,50.56885237869014,4.843372315786866,554.0693423602363,406.3375608754775,13.976894067291742,3.272859572057073,0.7761650526700122
943,5,5,183.825662506754,91.912831253377,91.912831253377,51.26526723714979,5.835259421775623,179.58207498736917,150.93091505915598,0.23913997360830555,2.450853882000351,0.762453557281952
944,4,5,293.88046959686733,130.61354204305215,163.2669275538152,72.04832187349301,3.5414084174620117,326.50691573705353,290.8299958285749,2.66472311672353,3.0432714539788392,0.7534520880900667
945,4,4,299.1188353507034,149.5594176753517,149.5594176753517,46.51630260934824,6.809506237049509,269.0127930157988,177.092457202519,1.6175664175142728,2.6116204987488905,0.7927875797139213
946,5,5,333.4126817054697,166.70634085273485,166.70634085273485,65.60226383315542,15.371597567939851,373.9443029417974,270.4520365372901,3.198473172900912,2.986834746993252,0.7804785361041373
947,4,8,107.57066619915165,35.856888733050546,71.71377746610109,17.06229485742847,0.8895153610100175,143.43520556335017,115.30328083363884,0.42241928088892045,2.1608304467122332,0.7676335875726988
948,4,7,117.78253049783216,42.830011090120784,74.95251940771138,15.004178959828492,3.746770041063539,179.45837448359626,157.62938747092448,0.6597108750133528,2.495460939801747,0.7532218735779891
949,7,5,130.55013627770325,76.15424616199356,54.39589011570968,27.05415472445513,5.52215675518985,83.13470653909258,80.26537500264872,0.060725142518781375,1.7457949011875362,0.7446882153801789
950,6,6,149.63564607416845,74.81782303708422,74.81782303708422,32.44524995294878,4.436566599644307,83.45115243193919,77.7917322869917,0.13922868474690892,1.7093001384224893,0.7515311748156831
951,6,8,314.7164424004108,134.87847531446178,179.83796708594903,61.52909619872421,5.145130203950248,396.023339059965,318.5140003816491,5.694905560837976,3.1105780234996647,0.7665316095927227
952,8,4,177.46638403966665,118.3109226931111,59.15546134655555,35.98928795903349,1.5000309122131903,120.34480750449907,116.1894639125353,0.06694349723348586,2.1693551891535363,0.7409626682615711
953,6,5,102.6620201338956,55.99746552757942,46.66455460631618,20.08561415810114,4.684806229786042,77.63588510579865,58.38771179198649,0.03998156109691906,1.376070139460726,0.7784929190158065
954,6,6,216.13619129075505,108.06809564537753,108.06809564537753,33.9854230090364,5.471524661617162,185.11209124739165,137.28633284044395,0.837528903085375,2.3512834042733095,0.7796456053648515
955,6,8,303.58608002792346,130.1083200119672,173.47776001595625,49.54169266745329,1.6670828957272736,415.5296840732665,373.4349395797967,7.6315220911707184,3.2195077387859987,0.7491047659145278
956,4,7,128.4773093861311,46.719021594956764,81.75828779117434,19.83982674018549,3.054035985036367,247.07558729671376,192.72817876289065,0.8881050562784956,2.692703914779281,0.7649425943874681
957,5,4,329.4506430536352,183.02813502979734,146.42250802383785,65.47556279821626,3.588540242793483,373.8495232714948,274.6651367330855,1.8621291829552342,2.9990423315574355,0.7758480484763706
958,5,5,189.63654663827307,94.81827331913654,94.81827331913654,51.24963819566431,3.3941761931649475,141.62717050671606,123.97181016697613,0.22844401711408371,2.240956848579295,0.7589271987602086
959,5,5,302.47193544937136,151.23596772468568,151.23596772468568,57.968145368015,10.844900571687992,288.15314969718975,195.2910254036395,1.8816353866264257,2.705099440585099,0.7893623287317854
960,6,5,325.9708145470529,177.80226248021066,148.16855206684224,71.15773674963485,17.344329765570965,500.8550393736292,316.93574186921785,2.217912819849467,3.1069964726085413,0.7896744275332848
961,7,7,189.12159413302732,94.56079706651364,94.56079706651364,37.00261336040467,1.8225326713086007,143.3584011934221,119.40991962561338,0.43170961873209635,2.1996803420627122,0.7655450147662333
962,5,7,281.9467652137466,117.47781883906107,164.4689463746855,62.21442429798248,7.873902710601636,446.4496905206461,323.5029324272128,4.087096559825547,3.1217128620153174,0.7768838968653979
963,4,7,226.31752151311613,82.29728055022404,144.02024096289207,26.513318609360287,7.300268037754765,280.1259181479275,239.11784831466403,3.9057847809546775,2.885768504152648,0.7602169049131569
964,7,5,335.2464951098806,195.5604554807637,139.6860396291169,65.13261076851087,13.07108737678279,178.84111961613348,178.6303836963522,1.1264214554615484,2.6200391494931377,0.7404050586798022
965,4,6,131.4703851912412,52.58815407649648,78.88223111474471,17.999681211684887,1.259851893897428,168.07123731230607,137.37398278691498,0.5092776067800832,2.3519638544841355,0.7646472141970089
966,5,5,212.5198439787565,106.25992198937824,106.25992198937824,43.63841147701611,3.411345569409372,281.85025785037953,198.18671585424443,0.8391262442269138,2.718824965900837,0.7806652576752517
967,5,7,145.6950594567361,60.70627477364004,84.98878468309606,33.148025416356184,2.1113058292515854,178.47303116999635,165.7790391219319,0.504229885587912,2.546385095329008,0.7465299330955126
968,5,5,139.71693688334315,69.85846844167158,69.85846844167158,36.2102866582872,0.9649319860372204,118.74342586590036,92.53556893102228,0.09998908657053082,1.9108913872247515,0.7733062638074627
969,4,7,200.87797774447023,73.04653736162554,127.83144038284469,41.99049830260576,5.715570965064837,334.9123341758406,301.32160743956126,2.7860229652950124,3.06994444889479,0.747833800306483
970,7,7,157.23667009576013,78.61833504788008,78.61833504788008,28.44581496130493,1.4621445376751314,232.36735298110776,154.9551412116832,0.4523806454951264,2.477964014390918,0.7846201061481128
971,4,5,314.3103781065205,139.69350138067577,174.61687672584472,52.681429272707376,1.946988912703212,390.1605349484621,270.7517789534536,3.9511073249492017,2.987713089837441,0.7844498553542231
972,5,5,170.17789267978029,85.08894633989014,85.08894633989014,43.51908636997551,5.899582976214836,220.69359016951512,154.52000032580958,0.2839244505093781,2.4750784267028325,0.7821095102313652
973,4,6,288.5886467172103,115.43545868688412,173.15318803032616,41.79546873580838,6.102138644299686,316.4554479826488,229.02208468698907,4.26672637742389,2.848767844084919,0.7819178656183357
974,7,7,90.2968090617428,45.1484045308714,45.1484045308714,16.558873881183075,2.7865992462715674,103.5933679496996,78.31032689850946,0.06901147038715708,1.7170487658558193,0.7744297212222114
975,5,7,344.2040132616127,143.4183388590053,200.78567440260744,76.10862071973204,3.9438083548308804,334.5962785065704,266.80308817489504,4.90166085490606,2.976018613907576,0.7705786926023063
976,4,5,246.82020308420908,109.69786803742626,137.1223350467828,50.310909159963536,10.576911100773296,270.3330947591254,173.3116494334133,1.42758985484748,2.590480950859073,0.7951099125130372
977,4,5,160.89810009482568,71.51026670881141,89.38783338601426,42.78175387906184,5.105120018476191,207.05684004632175,165.5471447759599,0.39243843930311595,2.5449837688741552,0.766992629677889
978,6,6,195.70670641816864,97.85335320908432,97.85335320908432,36.49889818510774,9.65474123831142,153.28466410536805,125.0117132323717,0.540500032862947,2.2501024847811126,0.7686363383255121
979,7,8,137.0195865551732,63.94247372574749,73.0771128294257,21.75984694584503,5.376853675653263,221.10619196819115,153.33709446836866,0.5276131862770426,2.467178533497171,0.7806087367256734
980,6,5,180.70184540867007,98.56464295018367,82.1372024584864,40.85898242494828,5.998901460911485,175.14321434366306,116.3398830169,0.2084299351922965,2.170794324311956,0.7905648228574516
981,7,7,175.6112235284009,87.80561176420045,87.80561176420045,29.106799763278644,3.994214723051217,128.07993471439644,126.1525145899138,0.5122520974384334,2.2600267229393625,0.7415157113395247
982,4,4,97.91659368642148,48.95829684321074,48.95829684321074,22.413475432752158,2.028824310463798,103.94900030677456,78.12863589868117,0.05184827125580877,1.714339986470066,0.7758786112468523
983,7,8,298.0055887072509,139.06927473005044,158.93631397720048,46.585002371661794,11.171325780559108,293.8665817541755,265.5813985298005,4.55317267978473,2.972345520011201,0.752771558414694
984,8,6,339.9730195361645,194.27029687780828,145.7027226583562,64.11750643816978,9.500641842899435,246.592315617222,183.9423351106296,1.3460667410606997,2.6483477108891162,0.7791403487544314
985,8,6,337.5855620791924,192.90603547382423,144.67952660536818,58.09216608836206,7.912879677031751,359.44264388001113,247.53345437295505,2.1546962464428243,2.9148412505597503,0.7844735269991167
986,7,4,113.38354107928184,72.15316250499754,41.23037857428431,23.16041375925253,4.125324529831453,107.94749670183909,96.66923410556436,0.03570288405437066,1.9611955408109125,0.7495782946069238
987,7,8,332.6533812327411,155.23824457527917,177.41513665746191,56.8605950939799,5.1460769686408,431.1221513784117,278.5460734328738,5.27843882164279,3.010030017865684,0.7915800583154138
988,8,5,256.9062929509714,158.0961802775209,98.81011267345055,48.82471060837311,11.006399970063647,371.8062343499664,252.9303415781219,0.7264643406876705,2.932700163346671,0.7786164719406855
989,8,7,166.76566042563485,88.94168556033858,77.82397486529626,27.01646786619212,5.863050593894204,208.0391892364924,140.03824096141523,0.43369761014410435,2.3723825193361714,0.7862893991990222
990,7,7,241.76165905568297,120.88082952784148,120.88082952784148,39.62291737129966,5.762492150736385,291.1596510798804,212.935942634558,1.736469116703429,2.784451858293315,0.7776729426575436
991,7,8,134.88682327597826,62.94718419545652,71.93963908052174,24.5157528706716,1.5388425424144152,91.11890633529762,80.78231257187129,0.20406047381674433,1.7532751040749575,0.7580532229942156
992,8,7,230.2812998403901,122.81669324820805,107.46460659218204,41.31394239820066,3.914274996048092,208.51816006644927,132.08907104533898,0.6489890432121246,2.3099059828059554,0.796172298688778
993,8,8,277.9353040514193,138.96765202570964,138.96765202570964,42.19374055632867,11.711037341209469,210.07182685682264,182.70289380953372,2.265978690116348,2.6418468383258342,0.7600625888646237
994,7,8,340.7244262483628,159.00473224923599,181.71969399912683,54.37023417633176,2.950572638382813,390.7047134923006,328.69400069254687,7.05691152186213,3.133006684767259,0.7605607377864388
995,4,4,320.1888481114323,160.09442405571616,160.09442405571616,95.45006478377832,4.465010841225999,267.289816703684,231.0871955898811,1.1055906239754398,2.8565349840084253,0.7597313614476394
996,4,4,258.4542223035328,129.2271111517664,129.2271111517664,67.52335095422168,11.715207060390805,229.732926976546,196.0845063449425,0.8813629791793157,2.708889693774527,0.7614894626455238
997,6,4,335.2099995231356,201.12599971388136,134.08399980925424,94.35217259899308,7.926098998717598,354.28081637112234,235.70029499233888,0.3387753353328315,2.8735124953498037,0.7875599019496313
998,6,8,99.17780207469818,42.504772317727785,56.67302975697039,16.167923922867995,0.8829422553932308,154.16390336274435,107.29316340323994,0.21504729829013425,2.0800157643554322,0.7811584726099183
999,7,7,282.79698264484546,141.39849132242273,141.39849132242273,49.59806506343203,1.808947928577984,229.99717472245783,188.89146109394164,1.8833174098367056,2.6736971384026527,0.7668463575197635
1000,7,8,166.4920935230904,77.69631031077552,88.79578321231489,24.055128828696727,5.072746906732503,198.3204722866388,131.27564734655158,0.7115720770416136,2.303241296283582,0.7903024006534236
1001,7,5,263.3347016507743,153.611909296285,109.7227923544893,49.138134840108464,6.514504753918147,336.32308630564125,233.96325488771777,0.9690168061957413,2.86717920508963,0.7796978887337207
1002,4,4,214.2072619763444,107.1036309881722,107.1036309881722,44.85966122191258,6.850054154228446,139.23345785291326,131.63022952378466,0.5077329109802242,2.3061529728412156,0.7487163482546164
1003,7,6,205.20024303779428,110.49243855881231,94.70780447898197,36.701260174768144,1.7706434569030154,122.41552625115897,115.74643532263458,0.41629860019510256,2.165103324693859,0.748479786568466
1004,7,4,251.01284424293027,159.73544633641018,91.2773979065201,49.78122264452241,12.153833093025115,219.0721064712447,151.29615059146948,0.3180720520674503,2.4533541596478505,0.7855193589888999
1005,8,7,263.08507742718905,140.31204129450083,122.77303613268823,44.04195597934784,2.457343684059252,285.3340287830242,235.645167834976,1.7508277860165737,2.8733125886383326,0.7620085249428058
1006,7,8,152.72203920928922,71.27028496433496,81.45175424495424,23.24011196133622,4.356215296521896,149.66405965211428,148.84507856224394,0.6553277101969815,2.4364186059034734,0.7378725829173144
1007,4,4,265.1536797156177,132.57683985780886,132.57683985780886,74.07262510596782,2.158485843619528,267.56296275459,186.4490464634376,0.7061968841729261,2.661307031965229,0.7852034053747803
1008,6,8,315.0652004956272,135.0279430695545,180.0372574260727,55.336158039433165,6.904558705247362,385.035064154545,369.071500330822,7.692393477597409,3.2118386346809955,0.7415496465491302
1009,6,4,289.7581370012182,173.8548822007309,115.90325480048728,75.8417817820422,11.786307885420534,190.48201678836543,161.0597600019052,0.29080814561904017,2.5173245961227138,0.7634911869451031
1010,7,4,167.1367136479655,106.35972686688714,60.776986781078364,40.69593487127775,3.764377800958887,207.41140404753992,137.5151129985519,0.05730016708123733,2.353058306952575,0.7830237662146187
1011,8,5,119.36021388125268,73.4524393115401,45.90777456971257,26.559029457881245,1.805811572845276,96.4398140021556,95.55862799163503,0.029842847044307542,1.9479197029119775,0.7365005727813857
1012,8,8,157.6878916734642,78.8439458367321,78.8439458367321,25.83247746687461,2.670941544411236,118.70507283305346,94.29598889150212,0.3121131781561525,1.932614929085491,0.7719128278087656
1013,7,6,265.8255712624365,143.1368460643889,122.6887251980476,48.02826008223777,13.646782773858405,324.96636824528457,216.94197432353604,1.450109151689213,2.8011316262041754,0.7878442638806157
1014,4,4,244.35246264630933,122.17623132315467,122.17623132315467,49.594954639410034,9.867563371522786,306.01956046310386,205.4819376147952,1.1230086883144128,2.7521478103852863,0.787580069961241
1015,7,8,193.9337201057108,90.50240271599837,103.43131738971242,35.48918824106093,3.4100262501516054,282.84264993787264,199.9169551916117,1.15015243559387,2.726888271565292,0.7795216357379429
1016,7,6,318.0233718849884,171.24335409191684,146.78001779307158,58.10652478057318,11.122173204016043,419.5992946613129,307.6239193183784,2.886029890872992,3.0852636692878375,0.7749631918676327
1017,8,7,330.5211128635393,176.2779268605543,154.24318600298503,57.27053292764588,8.025553804378806,352.9251835620015,291.7700070463347,3.336979698213246,3.0457234962623767,0.7625792443516746
1018,4,4,336.24165446419994,168.12082723209997,168.12082723209997,79.48419032550943,5.058275930863057,234.3669138014854,175.24059171423997,1.4372806088122576,2.601346018236404,0.7798550653638661
1019,8,8,171.29198909262917,85.64599454631458,85.64599454631458,29.329138849839826,1.444311047169751,137.09292385056835,120.8578984728602,0.45483825925961413,2.2129901181978675,0.7572425153395936
1020,4,4,97.51881973328253,48.75940986664126,48.75940986664126,25.63576838006895,1.717241261617622,87.26919361756241,81.42036714086538,0.04380611203727429,1.762439723180005,0.748001061745805
1021,8,6,118.09763183557868,67.4843610489021,50.61327078667658,20.91857321459518,0.8602400474641354,82.42349744784897,74.3645181753437,0.06448640864408374,1.6567393362517064,0.753748920131675
1022,6,8,201.1233035972362,86.19570154167266,114.92760205556354,27.015696104146112,3.736016137257328,213.0519311894105,141.02520888513152,1.3914673561617108,2.379818717425207,0.7918627601761085
1023,7,4,292.2539138332393,185.97976334842502,106.2741504848143,55.79984640407577,10.810865258080087,391.1980265652725,261.9281696297862,0.8117980648738925,2.9612029163825135,0.7808814047761181
1024,8,6,255.6082021369405,146.06182979253742,109.54637234440307,46.88406058005611,4.289522965532703,231.1332830791526,161.51637989965687,0.6924985318437443,2.5201870578752774,0.7846434698809601
1025,8,6,83.2422053433526,47.56697448191577,35.67523086143682,16.919835770813865,1.1508631508113658,55.45108751176013,41.79994499186517,0.011203663327194597,1.0034232462662833,0.7782380451742601
1026,8,5,301.60276523287746,185.60170168177075,116.00106355110672,58.50312144420753,4.092684029688293,399.153537143529,276.4948114111404,0.9943916469321536,3.0042527268187524,0.7769047197200779
1027,7,6,96.02267175350728,51.70451555958084,44.31815619392644,17.741969960329,2.03113460694551,83.70598239139471,54.224230658419785,0.03584789377230475,1.291529628640933,0.7941248326570973
1028,6,6,196.85588886020884,98.42794443010443,98.42794443010443,39.453333419925876,7.726613653848855,193.83309052637665,161.9746001136822,0.6453814856251634,2.523048462442401,0.7633075947082989
1029,8,8,158.37439757867338,79.18719878933669,79.18719878933669,24.11858856401145,3.227463347350159,161.63178612627493,119.0041458677297,0.44958528793331837,2.1959148427754385,0.7788444644577901
1030,8,8,288.5094078726223,144.25470393631116,144.25470393631116,47.9685656570426,2.961849146457734,221.6020634613361,164.8922961221754,1.8966638487104315,2.5410119221930008,0.7798109000983859
1031,8,8,279.74258482876974,139.87129241438487,139.87129241438487,43.20049653687507,4.614639096754749,327.49442729944855,227.98894154969832,2.78253651102236,2.8448423291957323,0.7837494351569593
1032,5,4,150.60139355028042,83.6674408612669,66.93395268901352,46.5108077082263,3.7723923877823915,144.23347647471633,119.91464989203676,0.045492778544705695,2.2043422585533468,0.7626949547864745
1033,8,5,273.8235877716117,168.50682324406873,105.31676452754297,50.87970713764222,8.013043216009775,270.08441717728954,182.5959170598672,0.6019177328793263,2.641282812263451,0.786420870121238
1034,8,8,128.94682645479912,64.47341322739956,64.47341322739956,19.69597340369184,2.281737056557446,119.73161073212378,81.59420100053669,0.19214705108509306,1.7649236193695297,0.7886780003781705
1035,8,5,213.35462085218845,131.29515129365444,82.05946955853402,40.93314051818283,9.626466590800783,253.87040399038307,175.58712242052076,0.3328349162441705,2.6032801820811438,0.7812756529631885
1036,8,7,283.89882966046696,151.41270915224905,132.4861205082179,55.1436279502152,2.367386756129765,160.8124858354988,160.6158488319205,1.0285958402484354,2.5145311670027906,0.7403118166817628
1037,8,6,345.8501509248865,197.62865767136373,148.2214932535228,66.03465426140588,7.656468677273856,382.7502952165887,244.06558215487885,1.8183931863630258,2.903046835587221,0.792459217316088
1038,8,5,232.1000424305651,142.83079534188622,89.26924708867888,45.79020637347957,1.6939755303288446,261.3606787687264,196.28944434095595,0.38741146584556707,2.709865026815711,0.7702788724378575
1039,8,8,305.4108490185889,152.70542450929446,152.70542450929446,54.53581408065982,2.659932824964701,333.09326184989004,212.56067134574573,2.4928605546383498,2.7828655484700104,0.7940861821840336
1040,8,7,312.83924287973696,166.84759620252638,145.99164667721058,50.98745701204242,9.361288145936712,351.32656457427515,284.2556357639561,3.207354810076389,3.025763369708242,0.7649265808701081
1041,4,4,82.4708674632393,41.23543373161965,41.23543373161965,14.842149393971628,0.5681414504808912,95.95904810948716,65.99492241324805,0.03545866408980161,1.5176411035982558,0.7849862990800273
1042,4,4,190.21724395605528,95.10862197802764,95.10862197802764,61.74240301951945,1.4962912608539878,178.57177467449043,173.219405731954,0.20437630823291617,2.589957143085113,0.7411714832204387
1043,8,5,325.0150585515702,200.00926680096626,125.00579175060392,65.15912516784394,5.445492745436204,229.47904204488484,211.21688575605705,0.7991406734359411,2.7771511136547504,0.7498614280628815
1044,7,8,228.65266752976632,106.7045781805576,121.9480893492087,32.95350405815324,4.041097114553225,284.5282357027892,216.3565993050678,2.268854238288492,2.7987229366528643,0.7730747841540598
1045,8,8,102.0541299830559,51.02706499152795,51.02706499152795,18.29570698689216,0.9891721988162684,138.9047962280217,92.6704882022639,0.1108124425194842,1.9125724285016172,0.7861320429136406
1046,7,5,233.6585092668704,136.30079707234106,97.35771219452933,43.08033462190863,10.70305260370651,219.39954153717224,209.41826429131487,0.7205533154301871,2.7694179877227825,0.7424329272013618
1047,7,6,335.5747892921026,180.69411731113217,154.88067198097042,74.46722430841551,2.1059146249944773,428.4836376858403,318.18932388311976,2.0997502423818863,3.1098435823653205,0.7728230800332037
1048,8,5,104.89104690389549,64.54833655624337,40.342710347652115,19.66260592445636,5.405073554861508,116.53384335975738,88.15117257892705,0.039850691590154294,1.8547503246985142,0.7717846227571297
1049,4,4,116.21579844955778,58.10789922477889,58.10789922477889,28.02318739839577,5.039767002745814,113.97375694756154,80.19167253641004,0.07432747784828818,1.7447243509932193,0.7850096647349044
1050,8,5,177.61956763734162,109.30434931528715,68.31521832205446,34.61840090173344,1.7869887384088312,184.92912532117603,124.19280506286276,0.143147138172172,2.242908422874289,0.7855896825595655
1051,8,8,327.8841922564619,163.94209612823096,163.94209612823096,53.66945348586676,6.746491707425322,349.4014649113409,301.70989778283376,4.790763340630434,3.0709030952996934,0.7573440660894672
1052,4,4,235.9014371046386,117.9507185523193,117.9507185523193,46.724614146603166,8.429360194765897,244.82605893751213,211.6098438941688,1.0894768478783834,2.7788277079232566,0.7579251908351462
1053,6,4,346.26645366554214,207.75987219932532,138.50658146621686,84.01724922546721,15.568732692564282,274.216784416416,250.2787057524247,0.9238936481422907,2.923999653803373,0.7509922679474655
1054,8,8,253.84980974073537,126.92490487036768,126.92490487036768,38.72190662060935,3.9904193951127223,300.7753338568277,218.4879774450518,2.2184018823351237,2.8074468908508234,0.7785059516290966
1055,8,7,254.117791950446,135.52948904023785,118.58830291020813,47.55021117450801,4.47988150960878,325.71415807516775,240.8102678138568,1.3892884637906655,2.8917396434801956,0.7739840827355597
1056,6,6,111.526732775685,55.7633663878425,55.7633663878425,24.584646447338,3.553249627584643,123.63063252205656,108.9350991718996,0.11036883819841616,2.0971549118371273,0.7541755340587513
1057,7,8,311.8807401314812,145.54434539469125,166.33639473678997,50.591070092164166,10.600396076826478,281.9102969464966,198.5941419763737,3.511790545756233,2.7207328436504894,0.7858416055259286
1058,7,8,325.5703310879492,151.9328211743763,173.63750991357293,56.51263255782507,6.712258015416624,319.6341184638628,212.89423697177872,3.749501520305143,2.784275768485393,0.791293677960638
1059,8,6,276.086870664951,157.7639260942577,118.32294457069328,59.09337443206875,1.72407891890277,185.8367398184412,164.90221794830862,0.5352549640456142,2.5410722627190805,0.7564472812507896
1060,6,6,204.9531699080028,102.4765849540014,102.4765849540014,33.14645804966229,6.358940645396834,157.79023590592064,152.9640322025337,0.8374300166209896,2.4646700770363466,0.7437236423244148
1061,8,5,196.92604845418532,121.18526058719097,75.74078786699435,36.562677315823635,5.718622605502263,152.4219920434791,140.72963774507795,0.23499439543098913,2.3775989073249835,0.7486755693535299
1062,8,8,182.87095894935044,91.43547947467522,91.43547947467522,28.06754005565337,6.037124105477918,199.86760508926028,165.41649160319412,0.8636387783528682,2.5441930473818215,0.7632483797505669
1063,6,6,106.4364627343272,53.218231367163604,53.218231367163604,19.84097110321828,2.8960086811048362,66.6136569129288,56.78703435929346,0.06103499462824933,1.3442000444005104,0.7637231902663026
1064,8,6,108.8898801832322,62.22278867613268,46.66709150709951,22.83250861795369,1.3616773948970335,126.94722002537318,82.27151599394486,0.04121628225120077,1.774549334073467,0.7895596732514445
1065,6,7,328.0195691946769,151.3936473206201,176.6259218740568,65.39018190119222,9.899367580602386,242.52036645661988,234.61536430757232,3.5027999836088495,2.8695651432455747,0.7448209509786794
1066,6,4,316.2963090773192,189.77778544639153,126.51852363092769,59.976636164931776,13.777607289966758,405.861476922527,278.3360172716883,1.4507458847532309,3.009441486598077,0.7814067353047864
1067,7,8,315.45207918883705,147.21097028812395,168.2411089007131,50.77648255417408,7.878853868756677,319.84651578369693,258.772996805802,4.755070512092118,2.951383115622025,0.7677120946004281
1068,4,4,109.288390387319,54.6441951936595,54.6441951936595,35.44733608630054,3.695653532790927,80.40753865301073,74.55746003151255,0.027498588333742864,1.6597623420038483,0.7508857313679149
1069,4,4,195.94998212682188,97.97499106341094,97.97499106341094,66.11568708475895,1.5878567738624152,298.7830592061555,190.5886084785517,0.1936675862989136,2.6821723943470066,0.788959678219615
1070,8,7,307.1145117147528,163.79440624786815,143.32010546688466,61.65231655483863,1.781207821735511,279.82421955149704,193.8433436451189,1.3523005899953313,2.6981265920349133,0.7861758103257788
1071,7,8,281.6816293105277,131.4514270115796,150.2302022989481,51.3453312181017,4.68642288125838,212.9142084466444,166.0902535107545,1.9995468951664823,2.54826151242822,0.7745680164478579
1072,6,5,309.8382162356095,169.00266340124153,140.83555283436795,77.22200820274571,6.577516943578115,277.27013717288884,182.4355314711749,0.7333615521777321,2.6404363142886926,0.7921146471469579
1073,6,6,129.81500272148395,64.90750136074197,64.90750136074197,23.81365585715876,3.938344253197034,127.03358832763564,82.04284223941785,0.1461328896454606,1.7713088033237994,0.7942682483810319
1074,5,4,310.0809354497492,172.26718636097178,137.8137490887774,60.469742722298506,14.11322761351896,229.5867112446705,203.9897356909568,1.3499616077853696,2.7454735596878637,0.7564535643011311
1075,4,4,85.69486666342529,42.847433331712644,42.847433331712644,21.121820937201008,2.2954488174628085,80.63760103999381,65.82316636841283,0.029714113632635628,1.5146134757093042,0.7666974648671318
1076,8,6,148.8562690362727,85.0607251635844,63.7955438726883,31.62144219705156,0.9097558065258702,87.9494097302959,81.37432256523327,0.0723496113606822,1.7617808713192435,0.7513017845246182
1077,8,5,91.12190581019787,56.07501896012177,35.046886850076106,18.290932577650644,1.1006508382413738,68.06031500384663,65.49934508126022,0.016553657154836796,1.5088851852115648,0.7421894437049494
1078,7,8,323.1403396885238,150.79882518797777,172.34151450054603,55.81534504434416,5.90683860896931,210.290837855486,190.95388422830428,3.304596290529772,2.683982371546988,0.7548717870875585
1079,8,8,174.5922323347837,87.29611616739184,87.29611616739184,28.95180345989323,4.550910253692913,151.72673917621606,100.56825750839288,0.40770861645492573,2.006473351350152,0.7923453251212659
1080,8,6,262.1056909825953,149.77468056148305,112.33101042111228,52.36579642802688,4.979352109871306,203.4908567326989,157.95138592791318,0.5820767537156427,2.4975405979842185,0.7735122302819821
1081,7,6,88.9393418077125,47.8904148195375,41.048926988175,14.5950871038075,1.778454361517084,47.7768616384781,45.06539635360832,0.02797114968779267,1.084921962284586,0.7495178502723933
1082,8,7,260.7511269363925,139.06726769940934,121.68385923698317,46.77896109788915,1.6747859373620195,208.086031256776,150.6882708357083,0.952104512408202,2.449188348583762,0.7822206751807763
1083,8,4,141.0746726830629,94.04978178870859,47.02489089435429,30.48542949040534,5.204200030364289,111.72873766182266,110.06620447354092,0.03318265576623486,2.108784902161649,0.7365349854336743
1084,8,5,237.48532970095567,146.14481827751118,91.34051142344448,47.78708130999514,7.151262778513037,243.28661493223927,161.4022322415629,0.32268783096474746,2.5194725249364,0.7880257684649096
1085,7,7,331.6520581252107,165.82602906260536,165.82602906260536,54.85525693696093,13.060974440605262,264.6415817665501,216.9404786318361,3.3624376195648407,2.8011254840703947,0.7677125874464583
1086,4,4,161.2369421432713,80.61847107163565,80.61847107163565,44.596467640826056,1.8081385097821772,179.36805080684712,114.33526868128244,0.15746321641990055,2.151427346644156,0.7940370425178741
1087,8,7,333.0727036775895,177.6387752947144,155.43392838287508,58.04327183139195,6.96249007451244,287.255665818048,209.4439823856584,2.359941153558954,2.7695292511920373,0.7810180401247033
1088,4,4,140.98427407483,70.492137037415,70.492137037415,25.04296012437929,5.0988236636351045,133.98060330206977,89.21329371442154,0.1619486678290104,1.868625663104507,0.7913238570222629
1089,8,7,92.10343275627984,49.12183080334925,42.981601952930596,17.5851009298331,0.642400185560044,56.0601708590694,55.73324485092095,0.0328608703178114,1.322792680629051,0.7406036311929636
1090,7,7,144.43031204657035,72.21515602328518,72.21515602328518,26.0255113634742,4.939277012545176,155.755520272301,122.13165835138622,0.30315466475353087,2.224536825149989,0.7706287752027816
1091,8,8,280.4574578822327,140.22872894111634,140.22872894111634,43.78643343485847,5.656824364190646,288.28669493194417,187.4394026008545,2.250634963080715,2.666358799283212,0.7929372626837018
1092,6,8,140.27959855046814,60.11982795020064,80.1597706002675,25.373422415197687,2.2959234186464386,146.22431743339263,105.49089589564748,0.3823652493227641,2.0608440206183265,0.782250605672168
1093,7,6,146.58482339084935,78.93028951814965,67.6545338726997,27.279772405377432,3.717195484903247,173.62787532318205,123.84407155230546,0.22172554389053545,2.239826828792664,0.7798545522234035
1094,7,6,233.63543764276284,125.80369719225692,107.83174045050593,49.26690320370055,6.301193374709484,148.59415236523483,130.1994470601283,0.4606221535035725,2.294342382426393,0.7594418182606111
1095,5,4,137.20494158924816,76.22496754958232,60.97997403966585,24.35254113457234,5.595836040999999,111.60903082164532,76.9788809578157,0.09601214651440006,1.6970484465065356,0.7878691905291559
1096,4,4,245.00853748741443,122.50426874370721,122.50426874370721,61.506669768282734,5.161843200943015,334.82789781263,231.6099587826584,0.957780322768488,2.8584845665495857,0.7822576367147829
1097,4,4,197.49700163168364,98.74850081584182,98.74850081584182,68.0555884387704,6.370208002182362,251.85347899491745,170.83822905043706,0.15705352041473172,2.576299539124191,0.7859654856489146
1098,8,6,246.22321759149864,140.69898148085636,105.52423611064228,45.0748595342062,8.149255060510258,280.01928900025644,200.3147342472269,0.8290245753720454,2.7287276834021266,0.7793040043144497
1099,6,5,172.78505364554852,94.24639289757192,78.53866074797659,29.7559129756713,8.223331060584307,107.43980373340254,87.05573712416444,0.2161892221347541,1.8402492487394273,0.7702740063582518
1100,8,8,201.7867636480561,100.89338182402805,100.89338182402805,30.73249572808571,2.64605189152005,216.96458463534165,177.49215642251932,1.1212535756571071,2.613818326244118,0.7645398992257694
1101,7,4,261.08218158173065,166.1432064611013,94.93897512062932,53.62489402817748,16.598084272551272,252.1145292345278,225.1978814956749,0.5019169537434166,2.8341023652259096,0.7508875779736066
1102,8,5,253.8888214689217,156.23927475010566,97.64954671881604,54.34629047490567,3.813883124566786,242.27852116014043,211.52936841951023,0.3877374414000282,2.778484725909277,0.7532865773376938
1103,6,8,252.91962216256303,108.39412378395559,144.52549837860744,34.110885442741804,10.057837876789296,246.64391487868164,185.2148794445636,3.0458916732195034,2.6549577766379646,0.7782987531067951
1104,4,4,263.83075600321854,131.91537800160927,131.91537800160927,54.81951068730149,6.871336882636843,267.2223148917998,228.1329876051556,1.383629935102065,2.8453912496785385,0.7597428214524364
1105,8,7,176.1455279270271,93.94428156108113,82.20124636594598,29.31105629358348,6.00010030293562,157.62646873546015,112.7631475330754,0.36574586869127346,2.1359494416317997,0.7831709987460204
1106,6,8,263.5539452392612,112.95169081682624,150.60225442243498,37.14135973747721,4.63631606226032,198.18631495097387,195.02065644102927,3.2946648585488054,2.703802869702164,0.7422709978269921
1107,8,7,213.76200934834168,114.00640498578223,99.75560436255945,41.014820942379956,2.101215167685438,176.73323800674336,156.55495961605348,0.584209916320242,2.4884797951192974,0.7556465849698022
1108,7,6,202.48792943315223,109.03196200246659,93.45596743068565,35.63484044071618,6.229946061783469,231.5740029791121,186.0699945605683,0.722651173018313,2.659363361196992,0.7654361596492396
1109,8,7,125.19585180044872,66.77112096023932,58.4247308402094,23.58048393463828,2.253383342976659,126.59320784626377,88.80811631033168,0.11114071547304827,1.8633537343355382,0.7838889823765491
1110,7,4,110.47147366525556,70.30002869607172,40.17144496918384,27.76485197111183,0.9886244226222544,77.25132044991784,55.46177474745616,0.006672181802230704,1.3172218400560693,0.7823025443056679
1111,7,4,120.06734332089106,76.4064912042034,43.66085211668766,29.02033199024773,2.7556411598273898,68.80804589858427,66.60256399018286,0.013387194458017908,1.5282933434435193,0.743780786263213
1112,6,8,132.320249082164,56.708678178070286,75.61157090409371,20.05835668913957,3.0396275130324386,144.2026685223923,136.2825973663336,0.5400405194508229,2.3434508834953864,0.7453565477145818
1113,7,6,171.0762800087155,92.11799692776988,78.95828308094562,28.10338057354083,6.391094476317043,161.06896812381848,108.3248471042428,0.3135820175869067,2.0908207178212908,0.7896959337710139
1114,4,4,202.33336571974604,101.16668285987302,101.16668285987302,43.04400762523157,4.385837337651797,188.6882004215962,142.92533685769052,0.4763773906222507,2.3939453528133963,0.7762952854851662
1115,4,6,100.0,40.0,60.0,24.0,3.5999999999999996,250.0,200.0,0.29845141551,2.727272727272727,0.7517707927728978
1116,8,8,154.96302580730242,77.48151290365121,77.48151290365121,23.57616190859749,1.7006844147877471,129.42459678488348,125.76545555252189,0.4532986196108188,2.256672199722939,0.7422811282223181
1117,4,4,329.7516022006008,164.8758011003004,164.8758011003004,70.60077602110444,13.547141875397216,240.1510912310833,177.94402074769428,1.6723324230906726,2.6162946292803793,0.7809686123190955
1118,8,4,279.1170506718402,186.07803378122682,93.03901689061341,57.47527503448331,2.112894377135945,311.72676764682427,266.3897783428604,0.3832993659896873,2.9747789119553185,0.7486146467514185
1119,6,8,183.78425782309583,78.76468192418393,105.0195758989119,23.81029691364086,3.82856500717399,372.65187174072855,234.5029618040216,2.053226417290629,2.86915460207576,0.7874313300102773
1120,6,6,330.7528145974558,165.3764072987279,165.3764072987279,82.0112012201902,3.385185360256074,201.9571088721262,193.7282688584772,1.2783682456953072,2.6975691039623246,0.7466120269226787
1121,6,6,225.6671665988918,112.83358329944592,112.83358329944592,39.36790097952999,3.498978944182494,203.94150083905896,150.94802332719465,0.9064505119209003,2.4509711798046316,0.7792963207429923
1122,8,7,180.31100806815084,96.16587096968046,84.14513709847039,30.112784388629176,7.348965343922064,132.14963235335156,115.05842577203477,0.39216170747922446,2.158461017562006,0.7596688399844433
1123,7,8,199.86575312179707,93.27068479017197,106.5950683316251,28.610015465483386,8.228507781559136,156.9717189501368,114.42907332066666,0.8983093123781032,2.1523427535987687,0.7828132461817578
1124,8,8,338.9348328887374,169.4674164443687,169.4674164443687,60.067197080904094,3.833348851021241,248.9641928636873,238.83454283085305,3.524036852158602,2.884762662379588,0.7454228747776537
1125,8,7,103.75204892486036,55.33442609325886,48.417622831601506,16.895734494737926,1.4987214498436578,98.1757817851204,93.8368914397398,0.1037270376558509,1.9269933424181773,0.7426787107248487
1126,8,8,293.18746411655184,146.59373205827592,146.59373205827592,54.11778247521287,2.407885129380692,229.6004393696303,200.89668369355047,2.032885307184258,2.7314091807324554,0.7584849322117868
1127,7,8,241.5425611078667,112.7198618503378,128.8226992575289,40.79266012494218,5.946230022899094,301.3817393908073,265.443617690943,2.7074913969975336,2.971929618261394,0.7531497248639644
1128,7,4,349.355151556264,222.31691462671344,127.03823692955054,82.22389286194537,14.013983064757785,231.0913882704476,229.1871912397772,0.5420575844802338,2.8493927092278177,0.7390058324236468
1129,6,8,151.7454054424217,65.0337451896093,86.71166025281241,20.07143658309992,5.533325438682973,152.449253858625,104.86221282610605,0.5901561667253162,2.0540659736106655,0.788277715730175
1130,8,5,274.7962701710902,169.1053970283632,105.69087314272701,60.71835098893804,4.76409187074477,283.49877098824504,262.6323126651994,0.4948160240299402,2.963369361074559,0.7428090083941868
1131,7,8,331.0031587078475,154.46814073032883,176.53501797751866,54.78812344523893,1.9652259895270392,357.8854212960616,236.61037572815212,4.527647891015602,2.8768024839283957,0.790990137542252
1132,7,8,284.93958283081804,132.97180532104844,151.96777750976963,46.60600036348333,7.872195389324994,339.56726572871884,217.7954218191344,3.1852340718458403,2.804626118040187,0.7936474979741944
1133,8,8,198.0267922735712,99.0133961367856,99.0133961367856,32.71835610423685,5.053124683998711,252.7555429275986,178.05434984088117,0.990832044114823,2.616897910586886,0.7813652674014815
1134,7,7,331.5004512067428,165.75022560337143,165.75022560337143,56.9456456677273,7.635437465745541,376.7123485644937,235.4955555006189,3.4319657627004085,2.8727696941243264,0.7960991813118021
1135,8,8,112.1045697689292,56.0522848844646,56.0522848844646,18.110259269081595,1.553086912837481,75.80576061278015,71.48389642480655,0.11554938733622958,1.6106588605139762,0.7486619741100679
1136,4,4,106.7055747585911,53.35278737929555,53.35278737929555,18.72112457109528,4.100012696811609,80.83290548232911,62.40143279650462,0.061147961258753186,1.452719430383526,0.7757346388383956
1137,7,8,286.23742595005,133.57746544335666,152.65996050669335,46.974538426505056,5.217119434271542,332.5840865614562,268.83539850409926,3.962053224350133,2.982071067950768,0.7660825068778236
1138,7,7,279.723765094843,139.8618825474215,139.8618825474215,58.4626495656327,3.566863698648383,236.12812390182057,199.64255873750653,1.43540443542786,2.7256163006603895,0.7627084640576834
1139,4,4,293.7892949020313,146.89464745101566,146.89464745101566,54.105603765279085,6.788513810754976,371.8029337766343,240.516620577918,1.9751365848848819,2.8907081999074404,0.7911141146918625
1140,8,7,236.1417265492736,125.94225415961259,110.19947238966101,39.56071030301569,5.875817700412974,255.45326475538505,174.6912694795912,1.0431864592164308,2.5982689714002696,0.7861827332990257
1141,4,4,204.25031685905404,102.12515842952702,102.12515842952702,68.24266083597895,4.338673950521355,217.0593004376309,144.03026054912584,0.16948078111670434,2.4020472827703223,0.7904194140431824
1142,7,4,219.76701536428143,139.85173704999727,79.91527831428415,48.07101681313585,7.634502680437613,219.7022051755128,187.6723779815816,0.2297283144792589,2.6675416627760464,0.7555146456365789
1143,6,5,154.9671167236125,84.52751821287954,70.43959851073295,36.6444360025488,4.165633291631248,94.11827495514468,90.63980509081756,0.1013508802822397,1.8869813339366057,0.7457067307426483
1144,7,6,315.6771811890791,169.98002064027335,145.69716054880573,60.026369585648055,15.63343591197597,281.6855210191975,212.71467558807325,1.8315556083843667,2.783517040677127,0.7768866279138684
1145,6,6,227.77504513005115,113.88752256502558,113.88752256502558,43.88544960325888,2.212476932990308,218.882923639954,171.46048150528867,0.9345258254532742,2.579894034685274,0.7715329445120829
1146,7,8,212.51243937094523,99.1724717064411,113.33996766450413,31.27429345579429,5.7892785270070135,222.458672725826,212.02868760452,1.9101176628772059,2.78060969124367,0.7438128808407678
1147,8,7,280.8674539653267,149.79597544817426,131.07147851715249,48.57396730250178,9.190671644780512,262.4446700484016,185.605177540255,1.5089854031977414,2.656972193325145,0.7840895211329345
1148,8,7,237.15697891955696,126.48372209043038,110.67325682912659,44.001610000084334,5.227900349207611,165.2750837591894,127.32873755880128,0.6211157577369089,2.270141927326156,0.7759075575889169
1149,8,8,275.47032600750254,137.73516300375127,137.73516300375127,48.34155779356544,4.327143156890049,280.60781385102985,221.13414669650552,2.187115348660605,2.8181032011863896,0.7702399877710107
1150,8,7,185.26157309193445,98.80617231569838,86.45540077623608,32.02362027057931,1.0628612551643375,196.93043495713937,132.69758823038734,0.4441010659958753,2.314857659243667,0.7875722875430984
1151,7,8,287.06453692150603,133.9634505633695,153.10108635813654,43.29726012735207,6.544375101578551,431.1165921855913,293.07958913827395,4.7708536372261765,3.0491186951729676,0.7837698545522966
1152,8,6,113.89633908966388,65.0836223369508,48.81271675271309,22.63834268504432,1.0457366202707643,125.87802133715934,89.30525375056365,0.05837133705644976,1.869818572379039,0.7798983607796125
1153,8,7,166.18623091050588,88.63265648560314,77.55357442490275,27.454348813108165,1.0511706539477137,161.80939877720496,152.33838584159707,0.44398249322803096,2.4604447739684843,0.7443799947985587
1154,4,4,265.3738458743868,132.6869229371934,132.6869229371934,86.72221743805356,4.023528229828838,281.76619242226434,241.1379439032749,0.5555910231233491,2.892888352221696,0.7585222534591964
1155,8,8,281.88158433594333,140.94079216797167,140.94079216797167,45.156337148891105,1.4765660592850827,283.5547176532345,253.8275895734033,2.9940506621176026,2.935612427004485,0.7524974255010299
1156,8,5,332.10454400585786,204.37202708052791,127.73251692532995,66.9633712059167,2.07809876091452,352.516969485881,303.5089140899544,1.1786202833893464,3.0753190031428934,0.7526669067013033
1157,7,8,344.0059087553414,160.53609075249267,183.46981800284874,51.567733370615294,15.546178361327192,448.5389104721886,307.6191396929222,7.429345625398626,3.0852522425279134,0.7855499807719022
1158,4,4,287.83691666640004,143.91845833320002,143.91845833320002,98.19861702677154,6.948849914799068,403.52070825764815,256.6278964071689,0.5476576148403731,2.9446002468674295,0.7914271017591137
1159,8,8,203.43501816781512,101.71750908390756,101.71750908390756,33.86899098023571,2.6815245349888857,237.86044871091292,177.5095077564762,1.021695315696009,2.613913578503566,0.7753062839803708
1160,8,6,161.30278862018903,92.17302206867944,69.12976655150958,31.46006393708492,3.030030152759722,185.9901939733797,142.23847263948656,0.20971668661672307,2.388867332073196,0.7701565091564693
1161,8,8,269.112516118392,134.556258059196,134.556258059196,42.29768243405649,6.063640096911348,292.36869403296043,255.6699740725698,2.8639353070696676,2.941542845002347,0.755312134531442
1162,7,5,159.4119832339362,92.99032355312947,66.42165968080675,29.928334260573752,7.780553026021009,135.82069054878147,103.7676049396286,0.15152147505486352,2.0421508688993284,0.7750017398008606
1163,7,8,183.3020739845898,85.54096785947526,97.76110612511457,30.859208625351545,5.567016431015501,259.8707823318216,168.99301552057722,0.9729799065576886,2.565532708986571,0.7899724488903418
1164,8,8,196.12137639136483,98.06068819568242,98.06068819568242,31.465069019224437,2.718076898299807,203.49040227638025,167.72965426651533,0.9388958135937965,2.5580665821090713,0.7640035893065987
1165,6,7,213.98855277481863,98.76394743453169,115.22460534028696,36.14149541639686,1.2052225628781623,185.2517728876542,126.51886074426996,0.9120915263077402,2.263189863681522,0.789335232817027
1166,4,4,119.01667047242071,59.50833523621036,59.50833523621036,27.86422908719404,2.924846634173535,98.4236317778362,68.6819772102159,0.06441609649474533,1.5640647018106688,0.7869891701167679
1167,7,8,234.3313032608857,109.35460818841332,124.97669507247238,46.25147398296488,1.8034384263330925,282.79593108470215,219.1773717375763,1.6124852601920414,2.8102415969906045,0.7708132452859455
1168,7,5,92.44461982686506,53.926028232337956,38.51859159452711,18.43658825004675,0.9197594345174654,103.18506026556928,66.50461791910972,0.025007630964021883,1.5265824879292957,0.7903327476804533
1169,7,5,172.99599951308372,100.91433304929883,72.08166646378488,36.831478706961526,6.084113306095895,170.1849302282834,131.933951700403,0.17331487447256796,2.3086390748158783,0.7711220221256859
1170,7,8,298.4157177367979,139.26066827717236,159.15504945962553,48.2344459115768,13.89712106125144,304.636811239551,229.3905827088853,3.7999658918328243,2.8501615362564134,0.7771649028034188
1171,6,5,109.27672244413868,59.605484969530195,49.67123747460849,21.839165019652302,4.036320952343263,150.74379619363808,96.09497191921088,0.07865191210066888,1.9543525091709533,0.7903294582804123
1172,5,4,104.12400320426244,57.84666844681246,46.27733475744997,28.44130447280193,5.314852931618771,64.65727660371644,55.00642625437306,0.017638220230461906,1.307825389222043,0.7637340211887949
1173,7,8,225.3776807721736,105.17625102701435,120.20142974515925,35.26947770329017,10.071039674629391,364.19193223345457,241.24312629410804,2.3664090362408423,2.8932565773002836,0.7861148327722498
1174,8,5,300.6485068968551,185.01446578268008,115.63404111417503,59.2931090141006,11.280455480868936,349.1153621684795,288.2256597190283,1.0265820810530304,3.0364116888913055,0.7584331106888526
1175,7,7,229.6769892138942,114.8384946069471,114.8384946069471,41.411966939081786,6.556952009460764,324.81887141717755,226.33257618201537,1.4863014270357247,2.8384926567362316,0.7810361487290688
1176,7,8,143.60732662159344,67.01675242341028,76.59057419818318,24.505584595242745,3.708570520328106,150.24874710763405,147.56062554206903,0.5048522091627066,2.4273947867124326,0.7390354585829386
1177,7,8,316.363090199021,147.63610875954313,168.72698143947784,44.29386401463642,13.49065235470261,245.9251534316863,209.04658125522243,4.425749200416344,2.7678077361349525,0.7634302137088332
1178,7,5,330.00765971403814,192.50446816652223,137.5031915475159,69.70376620680706,4.9651318205552615,234.8327380927379,166.26618221632168,0.8037314954398304,2.549320104521791,0.7850212330202374
1179,8,8,265.5345525283724,132.7672762641862,132.7672762641862,39.86965839347899,10.998832048655265,211.55538569686647,154.7662420881861,1.7498621754905763,2.4767126936529382,0.7819768096097554
1180,8,8,91.0403076688196,45.5201538344098,45.5201538344098,13.891266496169346,2.833051145906277,85.57712487648746,64.83670589118158,0.07363459967750356,1.4970806286558003,0.7763589346890285
1181,7,6,242.86248667414932,130.77210820915732,112.090378464992,45.34639550012416,13.070985472708244,187.03685739832991,130.6155303394863,0.6636451235060503,2.2977939486276924,0.7872450084512594
1182,8,7,147.30973145689194,78.56519011034237,68.74454134654957,23.835002156211385,5.078404489400768,129.02043926490364,102.50522097367296,0.23904947785187758,2.028227011689358,0.770464186643192
1183,8,4,205.0766652503168,136.71777683354455,68.35888841677227,41.18270943110486,9.2960651706,170.25409579076606,136.2093573554451,0.12200169236847434,2.3428764502560204,0.7668997667380164
1184,8,6,137.12769022948876,78.35868013113644,58.76901009835233,23.6165451315147,6.632246294908412,118.64349677561478,98.97373226459604,0.13490554052900675,1.9882020380658032,0.7636100979558169
1185,4,4,254.03021673870217,127.01510836935108,127.01510836935108,69.98027573641527,8.997000318294846,280.49870380603386,204.55534286327773,0.7849704472585801,2.748011766059594,0.7794360968829745
1186,6,5,225.8589536559479,123.19579290324431,102.66316075270358,53.142121847378675,8.048584191235621,242.97133350015795,212.41971239409665,0.5651963886360709,2.782268630482463,0.754535756024747
1187,8,5,240.56462459592944,148.03976898211042,92.52485561381901,44.6116465481663,2.444299359338548,174.40059066364714,137.58644609349554,0.32996175050881005,2.353610936013908,0.7708938475205639
1188,7,6,155.93510947633342,83.96505894879493,71.9700505275385,32.92931940944167,1.358727134296752,217.30379733026496,142.14669211595844,0.22163922986750384,2.388186361074768,0.7863932100534023
1189,7,6,209.9768442261912,113.06445458333373,96.91238964285748,34.34421460209014,1.8205968014888363,199.5701647519002,175.31695961719095,0.7651673225881238,2.601772726325639,0.7550451356087062
1190,8,8,274.20351387971283,137.10175693985641,137.10175693985641,50.10002265114245,1.3746797476205999,328.14982472193805,233.39790679642323,2.1241019516080417,2.865102543542753,0.7805945824868917
1191,8,7,340.3693502924765,181.53032015598745,158.83903013648901,56.76827324636558,1.8609819754691008,373.5087107566584,291.2689550109729,3.6609279925714566,3.044418056153533,0.7693940918426372
1192,5,4,192.2506787686723,106.80593264926239,85.4447461194099,47.565369601528936,9.835675585014412,142.25139815254977,103.96513425457329,0.17261090170624319,2.044311807113591,0.7820011652887607
1193,8,8,322.6301484679686,161.3150742339843,161.3150742339843,50.56762255166063,5.590420666314068,416.95517045974793,269.8992332663746,4.349691159056578,2.9852108493100484,0.7905787935112565
1194,7,8,347.2431075225344,162.04678351051604,185.19632401201835,54.81058491694451,2.705284819455561,375.479081749062,235.17077966727223,5.211499076593279,2.8715893857717565,0.7967618922586254
1195,8,4,345.5801723798611,230.38678158657407,115.19339079328704,81.36044773789351,5.015700444505781,246.6953526884689,176.37883326792326,0.1750832976129138,2.6076791134320976,0.7818546522364154
1196,8,7,125.28629998790556,66.81935999354964,58.46693999435593,22.15458181616353,2.7637397702689683,143.2711989099583,119.96597768657182,0.1778959769590214,2.204814993092479,0.7596474540751437
1197,8,8,334.8844410007425,167.44222050037126,167.44222050037126,50.25984123887747,2.237811049192888,337.6957257917836,243.50379768673903,4.354962577256564,2.9011120038692955,0.7811876767024567
1198,6,4,280.350100807031,168.21006048421862,112.14004032281241,58.48409929223776,4.292463043381097,281.0493424607171,254.56267002170028,0.8286699857696602,2.9379865141371933,0.7475858111763549
1199,4,4,259.2124637792533,129.60623188962666,129.60623188962666,90.24223205716264,6.177846220356475,244.1311198361026,202.4847236537825,0.29460504914140684,2.7386693026146745,0.7644876238074108
1200,8,5,216.9370556120953,133.49972653052018,83.43732908157511,47.05070388118601,1.71817523665984,281.043191007112,187.06087616079856,0.23264741082362683,2.6644324588717216,0.7819029384045875
1201,7,7,337.1442821684459,168.57214108422295,168.57214108422295,61.22493266468957,13.144628758020382,324.8816625594576,239.57738670371623,3.3934801339636307,2.887396186777894,0.7795667400807909
1202,6,7,132.14964251851256,60.99214270085195,71.15749981766061,23.58487122999434,5.3838659791505545,175.8092355156797,142.315199362152,0.39154679823879496,2.389436169088518,0.7646161848463521
1203,7,8,168.05424685205048,78.42531519762356,89.62893165442692,24.618070933571264,3.4010855413758447,152.52487063214073,100.57032490214831,0.5244856577398501,2.006496825730273,0.7929583644727699
1204,4,4,195.05546746158305,97.52773373079152,97.52773373079152,44.69824520022727,2.829062256957046,189.12301000919308,145.8085419713654,0.41097106948057494,2.4149163937444587,0.773566204750991
1205,8,7,214.9414906415248,114.6354616754799,100.30602896604492,35.089705476893435,5.517277195918152,267.4983725165241,202.1431061520068,1.049162794811632,2.737114536747551,0.7720520888230987
1206,8,8,315.68586968152385,157.84293484076193,157.84293484076193,53.967453215777475,7.427551341349111,349.1591554680433,226.6728854687217,3.09033407429479,2.839802922771166,0.7924142700268199
1207,4,4,258.8424879244646,129.4212439622323,129.4212439622323,61.93833073453256,11.523543001109212,191.6900252352833,135.78431195175276,0.6803661248818675,2.3395348697482157,0.7861552793827242
1208,4,4,172.5958733840493,86.29793669202465,86.29793669202465,37.77423222449796,7.574696917860098,155.6287189131674,145.46734028338844,0.3624475265758804,2.4124632721104615,0.7481514526342004
1209,7,7,289.2578290450517,144.62891452252586,144.62891452252586,50.92208824012492,11.0709276029876,225.45700263490068,187.12065123892177,2.011814597368728,2.6647370272211917,0.7662126298600869
1210,4,4,150.01300171215078,75.00650085607539,75.00650085607539,34.42992095581646,4.101792814751779,100.30594220428162,97.66008231588796,0.15998148743505766,1.9728956727840423,0.7439807919499541
1211,8,8,86.35069052893924,43.17534526446962,43.17534526446962,13.723313483091612,3.1386624807066035,60.169091336431705,46.56999456973785,0.04119121617640179,1.1210001181728708,0.7758509929865619
1212,8,6,157.47196041772665,89.98397738155809,67.48798303616856,29.084018457173844,3.762316408757169,156.2659899280836,150.57546681784686,0.24231408103429608,2.4484128308038637,0.7396845384198595
1213,4,4,176.98510119713734,88.49255059856867,88.49255059856867,28.170370194124715,7.103784938878449,155.7233902648975,128.5269126390252,0.4137875667478607,2.2803257050296883,0.7660674802143965
1214,8,6,281.1413108122372,160.65217760699267,120.4891332052445,57.35221776445617,1.7061581912163004,289.49418635939816,183.340075438048,0.7326669115206801,2.645196648617017,0.7936829297395339
1215,8,8,345.18943505513244,172.59471752756622,172.59471752756622,58.881934443480006,4.928922153780561,294.4139038529955,255.28518317247,4.179909914615688,2.9403097146588166,0.7591321015768753
1216,4,4,88.37519802333388,44.18759901166694,44.18759901166694,18.201049457804835,1.354534422198152,73.9104778247136,53.35194789006776,0.028840972038579757,1.2731228021582368,0.7828915015720918
1217,6,6,326.82616430235174,163.41308215117587,163.41308215117587,50.87926347286032,6.144225463370911,230.22608918315927,179.72814843605985,2.5528642733171574,2.6259861654517747,0.7745436811185955
1218,8,8,267.4771806697218,133.7385903348609,133.7385903348609,43.967534132808126,5.443286449430038,185.0181305049165,135.81257973475272,1.3512189568116473,2.339757520920361,0.782143336429447
1219,7,8,214.3246851523037,100.0181864044084,114.3064987478953,39.44830248676045,2.4411349736145267,228.68236649160207,163.75975467543913,1.119279552387317,2.5340913066535165,0.7821757290829554
1220,7,5,111.21623447186002,64.87613677525168,46.340097696608346,22.88710988239901,1.899992180547997,67.15242570489744,58.51483092326165,0.029224890520622594,1.3785683764138208,0.7598059978260433
1221,8,4,258.6766220013398,172.45108133422653,86.22554066711326,54.613240341290414,2.4023119743295074,360.129604197278,242.6632900227248,0.2723172686339719,2.8982044479393205,0.7739511742777059
1222,8,6,116.78066418767398,66.73180810724227,50.0488560804317,21.720104509016807,3.2399968538785338,101.15557836380732,86.03942469416181,0.07023777483866966,1.8266191607135773,0.7604292391547158
1223,4,4,270.28804187145704,135.14402093572852,135.14402093572852,83.4571994700335,2.376959996103615,269.2123906031117,194.16140577855327,0.5760738785299552,2.6996649873052205,0.7813397559670012
1224,7,6,100.70095054600972,54.223588755543695,46.47736179046603,17.584892684585263,2.514009144374248,65.79068459496705,62.12145097294082,0.05116404429333029,1.4475182583280275,0.748331096788474
1225,4,4,107.9343533927936,53.9671766963968,53.9671766963968,30.40149226603321,3.6697906849925923,76.11027707788847,75.85624781995651,0.04429793522568051,1.679910477306071,0.7400244993970488
1226,4,4,250.84490090318235,125.42245045159117,125.42245045159117,84.42732919660419,4.773695193549443,324.9950198612444,211.54071524262932,0.368197595839989,2.7785330971075566,0.789982930007017
1227,6,6,178.73223631397485,89.36611815698741,89.36611815698741,33.38628648216769,5.093840902157446,172.43703622182332,113.27843153999652,0.391399928175504,2.141051010797015,0.7925432313613466
1228,8,5,247.86881614588748,152.53465608977692,95.33416005611056,48.2058288663512,9.90708485296124,256.27672235833614,230.4475093616165,0.575280595614822,2.854140271984873,0.7485146946211532
1229,7,5,263.2222611875379,153.5463190260638,109.67594216147414,47.75485650577696,8.922304674495582,184.92466376534952,152.48870586755663,0.6519049623077195,2.4614620815339774,0.7665433989268464
1230,8,6,283.1289322922279,161.78796130984452,121.34097098238338,48.68331135137008,6.6038960219935925,299.7235615992212,250.6456434558536,1.5373190617690404,2.92521209162914,0.7598082920942477
1231,6,5,186.9192373362696,101.95594763796522,84.96328969830437,42.71505765147745,8.417582201292229,153.33522990005878,106.58553447169037,0.1997977650750028,2.0725336904269445,0.7871445819871248
1232,6,6,338.013982609265,169.0069913046325,169.0069913046325,61.157142272607366,5.667384187462429,464.410416273239,331.4975861848277,4.516626046375583,3.1389862771759227,0.7782510356257939
1233,4,4,327.90426727234166,163.95213363617083,163.95213363617083,55.12345094226098,1.7956167660346742,363.8845126111365,305.61050023151995,3.178052851068237,3.080424739235781,0.7602544493810262
1234,7,5,308.728260978826,180.09148557098183,128.63677540784417,63.52119541329381,3.2175915686020238,248.98409906255725,194.77425561741543,0.8810393206914019,2.702618976006525,0.7716909637613661
1235,8,5,173.3452507376703,106.67400045395097,66.67125028371935,34.727509749516656,5.899892700749588,210.0704443773577,157.35403309705606,0.17039357779473946,2.4936779648933305,0.7704526837176328
1236,6,4,218.81645778052132,131.2898746683128,87.52658311220853,54.94477263652112,12.479395481776761,241.74170375865847,204.9303740445361,0.26798170392763554,2.7496890925301454,0.7573251269878056
1237,8,6,266.2298348765355,152.13133421516315,114.09850066137236,53.6918485706112,3.5396272436954086,198.6631310981389,164.97887605779997,0.6101746247838564,2.5415382980804493,0.7649243789093036
1238,7,7,145.71903445083308,72.85951722541654,72.85951722541654,26.735669239372044,2.3084617872345325,144.64871388605238,107.58955670269307,0.2558480629644487,2.0831324292555355,0.7778075384483258
1239,4,4,182.2734889502924,91.1367444751462,91.1367444751462,29.61091251375242,3.7979551151537447,175.47223087978438,152.548631861466,0.49821332017912434,2.4618672626733984,0.7576549838473091
1240,8,7,179.11058907205967,95.52564750509849,83.58494156696118,30.61639274417581,1.8832059606026081,240.51050956418936,151.55714771216378,0.4913165515608182,2.455135918092208,0.7915426944710833
1241,7,8,209.54958693038245,97.78980723417847,111.75977969620398,38.158299478446196,2.907700326873619,244.56450829053824,183.70270074755047,1.2332759938610176,2.6470956855547487,0.775398512106563
1242,4,4,310.171269482048,155.085634741024,155.085634741024,92.28790768770074,4.441511185736982,275.6587978350705,199.0244134407394,0.891167848125845,2.72274154114487,0.7823785436472257
1243,6,8,95.37842057873772,40.87646596231616,54.50195461642155,19.81939376707845,1.3775928288363242,110.431851423904,72.76098105545387,0.09268419968613016,1.631309717220631,0.791505213743481
1244,4,4,168.4554466449732,84.2277233224866,84.2277233224866,38.475913246390135,2.522709997027361,162.3844213626879,124.68654514819735,0.2592511437541468,2.247252964688996,0.7741480652520643
1245,8,4,153.37292723691172,102.24861815794115,51.124309078970576,34.64935025317729,4.470472545343595,108.0371952215678,79.72561647421537,0.02052430341404923,1.7379311327007925,0.7786661828487139
1246,8,8,268.19379658914056,134.09689829457028,134.09689829457028,41.65442490073346,3.539437134173268,213.53358819716263,157.8523759794799,1.70779261491265,2.496901745031609,0.7803931440345054
1247,8,7,219.68656466342372,117.16616782049265,102.52039684293108,37.30264144773334,4.317510190123543,235.4370336613,178.54123475366748,0.9008422458131466,2.619553934333211,0.7737662825815035
1248,4,4,261.3182601293272,130.6591300646636,130.6591300646636,61.93877510838183,2.3772447326048414,240.63439470020268,187.8203651774764,0.9181831796905636,2.6682919348215144,0.7724167424528726
1249,4,4,204.5866630327355,102.29333151636774,102.29333151636774,50.63803144927475,5.01253544778886,198.27298797342905,158.16055303344532,0.45730771850571444,2.4988884464097376,0.7693932695677953
1250,8,8,128.29458071888237,64.14729035944119,64.14729035944119,23.184825793699307,1.7035295340536372,99.5465639838576,95.48122429995055,0.17888937007008446,1.9469879956739524,0.7450359593826017
1251,8,7,296.5474783520866,158.15865512111287,138.38882323097374,50.72936221342713,3.562120454934549,347.22090460720847,222.59305220912591,2.0360687586571182,2.8238972738044765,0.7919391699196864
1252,8,7,326.41270452565607,174.08677574701656,152.3259287786395,53.736203858030365,10.841346974120135,411.7777890633422,279.2616249441048,3.3914113703817446,3.0120295980259715,0.7851991800919428
1253,6,8,322.8819459793159,138.37797684827825,184.50396913103765,62.883055972340586,5.299918733204633,314.8439634439541,268.45528857205534,5.043617839591567,2.9809445023975187,0.7614753448521809
1254,8,5,331.77470971108744,204.16905212989997,127.60565758118747,67.352475110333,2.1234730161040796,394.1135825615229,266.86840444560835,1.007654735574871,2.97621425247654,0.7818552132359897
1255,7,6,342.0350918379279,184.17274175888423,157.86235007904364,63.004777359290095,2.8431084248571654,376.0122171226613,260.22468575882283,2.6585370563481896,2.9559241461954655,0.7839980265162813
1256,8,6,106.34839837977404,60.77051335987088,45.57788501990316,18.32009533951233,0.9169037608216898,91.29123541997356,64.81457225092987,0.04636977662910864,1.4966843987346088,0.7831587547565959
1257,7,6,83.02724004477633,44.70697540872572,38.32026463605062,15.467889149940476,1.0235830609143666,92.71831415318336,67.75792370164876,0.03456373098888074,1.5482972088367681,0.7773985951039178
1258,7,8,106.5429903159044,49.720062147422055,56.82292816848235,16.819228605071935,4.854829105397258,92.1896741109302,68.58358932547934,0.12854086372767623,1.5623955241388339,0.7798811213563094
1259,7,8,273.5658986530143,127.66408603807334,145.90181261494095,42.89117040756161,2.385902788312308,274.9460797405779,193.1657502954344,2.6445716281410356,2.6948370565055018,0.7849375847186657
1260,4,4,317.44840740903726,158.72420370451863,158.72420370451863,64.53965030139285,2.084557282278008,341.4354518176866,229.5939434489077,1.9534585585650703,2.8509292205978856,0.788505913746002
1261,6,6,152.31185824666142,76.15592912333071,76.15592912333071,35.80189236149866,2.937362270911092,192.16561346331324,133.56530898002444,0.21697233292399193,2.321868570992688,0.7829431085448146
1262,8,7,200.3541516205276,106.85554753094806,93.49860408957956,35.79578580389509,2.165556658959005,177.31647962421496,114.79508151393932,0.4209819838116211,2.155905847463732,0.793973686966991
1263,8,6,137.65050389449334,78.65743079685333,58.99307309764,26.197650764187927,4.048172298413018,119.47217279913386,81.4692669780318,0.0870344975056604,1.7631390064021975,0.7881194963227083
1264,6,6,119.95838837294876,59.97919418647438,59.97919418647438,18.936356245565342,2.541605893622213,77.20671975477302,75.68455889608427,0.12918186885611366,1.6772669836637444,0.7430714152584208
1265,6,5,261.0302315651284,142.38012630825187,118.65010525687654,68.0344033345741,4.9865954673064,335.59368802790664,213.52205888939304,0.5054889107529379,2.7869211756381693,0.7911305973794088
1266,7,6,200.537393986781,107.98167368518979,92.55572030159124,41.0460828062303,2.6295786962357437,186.58412174242247,136.2109781802491,0.37856281325167085,2.3428891669574714,0.7798770270617233
1267,8,6,147.4117716835724,84.23529810489852,63.176473578673885,29.11262180416139,1.8629455265699963,144.72325392125202,120.067458954713,0.13977769876536195,2.20574891437297,0.7617503584533698
1268,7,7,346.49057911584174,173.24528955792087,173.24528955792087,61.66142772118607,13.361225669452072,390.5821025999666,332.52862813672994,5.208978732216196,3.1411646303224345,0.7590425509254816
1269,8,7,145.32313869654809,77.50567397149231,67.81746472505577,27.284394315898968,0.8739766603114183,103.5219312860688,98.97453159023436,0.16955704587438825,1.9882112812675257,0.7455608294232743
1270,4,4,197.2495547071211,98.62477735356055,98.62477735356055,53.88946871135976,1.2504642424353496,134.70567381540752,120.83437493856036,0.2543961149326954,2.2127754633995877,0.7558858638688836
1271,6,5,272.88583762640724,148.84682052349487,124.03901710291238,70.94232959275605,5.189738527192461,218.83123108048264,183.82982718229,0.4768383291535788,2.6477601758258706,0.7633365589502974
1272,7,7,346.29687445632976,173.1484372281649,173.1484372281649,66.89958742889618,7.029161019115905,279.2757297676787,202.34295570363764,2.654183734499374,2.73802455478984,0.7827796435857277
1273,4,4,163.3614329986936,81.6807164993468,81.6807164993468,52.77927554875648,7.528341041401522,152.0642639654101,104.72149923707828,0.09491994020346463,2.052542397622112,0.7879144113900957
1274,8,5,286.44330287894775,176.27280177166014,110.17050110728759,55.09456572568061,8.589400411498314,307.2485349484342,249.58779130911097,0.8476601041695443,2.9217092898398986,0.7620055820756156
1275,4,4,311.6710498057398,155.8355249028699,155.8355249028699,81.30940538947203,4.864557808926148,280.5154526868176,209.1418546178816,1.288139432434921,2.7682208927977707,0.7784517286316173
1276,7,7,302.89432968506514,151.44716484253257,151.44716484253257,47.25992395862737,2.714962655197217,263.82815460363923,174.11301010658434,2.2582206810003504,2.5950151706237636,0.7925590389313246
1277,8,8,94.5489207506509,47.27446037532545,47.27446037532545,14.607048469398864,3.6738868181267663,87.0653142405103,73.44889574826693,0.09173120513494036,1.6422862680399153,0.7626728015210363
1278,5,4,225.22924364656296,125.12735758142387,100.1018860651391,42.638597936159925,1.9597500944459258,163.65778093346708,113.59016574794106,0.3502327853902832,2.1441238008784076,0.7874810972679407
1279,8,5,283.79016996962235,174.6401045966907,109.15006537293168,56.581469262134696,4.66693851444825,400.3961825144696,260.645135031369,0.7727012099215895,2.957232018371757,0.7828099269699473
1280,8,7,279.3898233830349,149.0079058042853,130.38191757874964,44.85979053045607,5.252696619420801,260.19547139294644,234.55708851394428,2.103288637458123,2.8693523327790516,0.7519453524720333
1281,7,8,156.48945047762115,73.02841022288986,83.46104025473127,22.364032982824455,3.7929658571608624,132.00293228851916,118.306818204028,0.5603053201796495,2.1894068545963643,0.7551949648177869
1282,8,8,198.97803595456537,99.48901797728269,99.48901797728269,30.186671411856288,1.5164278703803815,170.66443392171522,143.0085608212617,0.8601313193339348,2.3945584582480968,0.7636985862627601
1283,4,4,336.0863409884797,168.04317049423986,168.04317049423986,57.46472022805622,6.074248308831312,248.0311178390345,218.1639517795296,2.404600469750193,2.806128796274335,0.7583290494504262
1284,7,8,103.63454870628196,48.362789396264915,55.271759310017046,15.125545230927479,3.2352248533848864,131.91446658453003,91.1523165552613,0.18121202164531766,1.8934991262454528,0.7846818662485389
1285,7,8,102.03086688384572,47.61440454579466,54.41646233805105,15.574464622022164,3.228960184715296,90.0163288635192,62.31096011128594,0.10691874166852447,1.4510410551616806,0.7879588549855824
1286,8,8,246.3767950443652,123.1883975221826,123.1883975221826,37.949909854482016,2.519622301003058,189.2138585443836,145.83496361152376,1.32983639115368,2.415106039930826,0.775506763840998
1287,4,4,347.5249501015357,173.76247505076785,173.76247505076785,54.75223056438708,2.5315899949025384,504.9998300898761,320.7005604402961,3.8916477480441825,3.11549278674118,0.7903686821538575
1288,4,4,208.9706645548261,104.48533227741305,104.48533227741305,53.361179144440726,6.804275409983509,173.54202244538277,120.29127714591402,0.3424538480421978,2.2078052583040177,0.7878165885858238
1289,8,7,343.3892278532308,183.1409215217231,160.2483063315077,68.60897658304425,1.9714718339926245,339.27688440709494,239.91582180735264,2.1477128538849533,2.8885918846779637,0.7829308399195629
1290,7,8,216.55140581228773,101.05732271240095,115.4940830998868,39.978753096940515,4.5649056380231805,262.95079160475524,217.33414972330348,1.5481551763553634,2.802739945602396,0.7625089959152067
1291,8,7,336.5382493885103,179.4870663405388,157.05118304797145,54.71718512721273,1.9950397041398595,351.9464466436121,278.0757386597044,3.5282321057058574,3.008711271613791,0.7684180116215513
1292,6,8,165.39499286805648,70.8835683720242,94.51142449603228,33.47387142852367,2.2858981480350016,178.7358522602464,147.78512765262326,0.656262044809802,2.4289795118382593,0.7646286433466875
1293,8,8,87.54126173732301,43.770630868661506,43.770630868661506,15.072838540607835,1.1983633348316687,64.03047903555199,62.822330949190444,0.05489526594592821,1.4604986173900156,0.7419763899476555
1294,8,8,250.093214332656,125.046607166328,125.046607166328,44.35777875269819,2.2534822995544084,212.33433695781252,201.319731233384,1.596560977670742,2.733351402602573,0.7459102092231474
1295,8,4,270.1110344980085,180.07402299867235,90.03701149933617,57.606977727703025,1.807505731865865,251.22219656342563,238.7911330300401,0.2771711004057233,2.8846083806756475,0.7371583397437652
1296,4,4,328.715896579981,164.3579482899905,164.3579482899905,85.18143110403635,4.43696599753114,469.1174911602313,317.7314166647279,2.2390650931478766,3.108805699904593,0.7836675568234776
1297,7,7,200.0290685070741,100.01453425353705,100.01453425353705,30.728024267003402,5.175467286538663,259.6065772511849,186.0929607936708,1.1025066701419877,2.6594812861439485,0.7790264036281643
1298,8,5,328.6728259208477,202.2602005666755,126.41262535417218,69.89516051451824,3.334206386781044,343.05206799325066,234.76574026053729,0.7402122650097805,2.8701139134830647,0.7833734729591731
1299,7,7,199.40248889652509,99.70124444826254,99.70124444826254,30.16292590859278,8.962861945607754,206.12325855647111,182.3313976811995,1.1171942214023487,2.639886142329181,0.7548573258120589
1300,6,4,344.4201060036522,206.65206360219136,137.7680424014609,78.06191404424409,13.67395379748823,457.5564720429511,332.364382131488,1.4820904448749992,3.140818354887424,0.7733927508869864
1301,6,6,278.8360978716113,139.41804893580564,139.41804893580564,56.917093423825605,9.032369025037628,400.60137990279,259.2286886797056,2.0562000933136457,2.952812813937083,0.7893756566923495
1302,4,4,290.1630631130513,145.08153155652565,145.08153155652565,91.15838829097426,2.8788249898234777,279.5731138797819,249.82865141416525,0.8142522263656777,2.9225088412729314,0.7534226838243945
1303,8,5,277.2989757356736,170.6455235296453,106.6534522060283,56.10474498647216,4.579574902609559,386.2202906433342,263.0107450434256,0.7131008844192338,2.9645299590844845,0.7777842907875268
1304,8,5,197.54938331004303,121.56885126771878,75.98053204232424,38.245087459522765,2.761308995992664,189.05868889934425,166.7412189247137,0.25067713306681055,2.5521707818102732,0.751692556923901
1305,8,8,244.9869174807405,122.49345874037024,122.49345874037024,37.82817307496661,7.876584229765674,201.13081146774724,133.81045646136843,1.220014387018361,2.3238387294807112,0.7923922480094251
1306,8,8,111.32741368986676,55.66370684493338,55.66370684493338,19.278795753317024,2.07508803586547,109.45021006361812,73.25667671356314,0.10650998990917605,1.6392294245458388,0.7901836773499925
1307,6,6,154.65607898382876,77.32803949191438,77.32803949191438,26.323250903002467,3.7580091036230847,94.6987841981943,77.91016646982462,0.20942023427876008,1.7110743642472641,0.768554670142075
1308,7,8,141.78961661625988,66.16848775425461,75.62112886200526,22.23633729541404,3.030115708995866,189.85822152748665,124.53410416981563,0.44723524410157867,2.245913892984787,0.7896241305809688
1309,6,6,307.25205397018425,153.62602698509212,153.62602698509212,63.84773008729741,12.848203415213355,302.5279827658801,234.0559440737364,2.193476231475111,2.867518950172675,0.7734917180956246
1310,8,7,213.46586487673983,113.84846126759457,99.61740360914524,42.36410002819489,1.4768678434954774,174.3680774791914,158.7574925383329,0.5436438788748097,2.5027217900080574,0.7516924107916996
1311,7,6,246.93662526443748,132.96587514238942,113.97075012204807,45.30827892032468,6.43162705947222,212.0847406725473,152.896444577715,0.8122783878036358,2.4642147417063085,0.78239201037717
1312,7,6,92.39611930658305,49.75175654969856,42.64436275688448,15.964584949885428,0.9330636970074316,99.91468106490244,71.94683069573433,0.050965141072615704,1.618186126622192,0.7795940441367618
1313,4,4,217.02523082708663,108.51261541354332,108.51261541354332,41.03301713316525,9.426680745486044,252.0016635091501,175.7986645119677,0.7982098170681035,2.604458278591438,0.7842568717370578
1314,4,4,148.87006629333658,74.43503314666829,74.43503314666829,28.312415416123105,0.9484477409190724,153.9391553155817,140.2101397689056,0.26572811304618377,2.3736825765931253,0.7495628662793123
1315,8,5,263.38050720509,162.08031212620924,101.30019507888076,54.14909933131092,7.467005905225693,287.8585443038144,198.4357594450528,0.4611014406344888,2.7199918521617774,0.7825031032134564
1316,7,8,323.0684886753901,150.76529471518202,172.30319396020803,54.18091998894743,3.177033707924768,486.1024053436609,333.589560546367,6.114534787879493,3.1433946586105153,0.7821919871385359
1317,8,7,188.177290936041,100.3612218325552,87.81606910348579,30.710079776302184,7.227244903908291,256.99409486461605,170.4628825686347,0.6791829301198276,2.5741225054580905,0.7865713999655227
1318,7,7,342.5107009850646,171.2553504925323,171.2553504925323,53.03723219827096,10.274894470559737,409.25789100734414,323.521655460337,5.783404855777183,3.121754125015589,0.7680758104441164
1319,7,5,133.78023864510644,78.03847254297875,55.741766102127684,23.84032905031306,3.125967570475076,92.49582342396404,74.28159974052122,0.07459373486656995,1.6554377725830633,0.7699678263372134
1320,8,7,176.3535468653268,94.05522499484096,82.29832187048584,33.730759421289235,1.032881819633709,198.09482387775523,130.31440874046547,0.3267694327247378,2.2952974311587204,0.7895185065446135
1321,8,8,329.6384775609239,164.81923878046194,164.81923878046194,51.18665910569496,12.869440929666748,341.22729320418426,287.73581223519886,5.004478070119246,3.035110435213772,0.7614960397667732
1322,4,4,241.4919781197694,120.7459890598847,120.7459890598847,77.07514598633445,1.677624329479868,188.3458397037316,140.6275913753695,0.28322788409153604,2.3768311014024555,0.7792525411983997
1323,8,8,345.4373657665216,172.7186828832608,172.7186828832608,55.47600802828608,6.239396625639664,312.61918968751013,244.24633825993703,4.360240241659378,2.9036679264429885,0.7726202900534351
1324,7,5,276.5233111321932,161.30526482711272,115.2180463050805,50.702281966559134,3.062289895353305,298.02435268318817,237.62728482222784,1.0831692328807694,2.8804560030676023,0.7650585449212263
1325,8,8,172.77891902056598,86.38945951028299,86.38945951028299,26.827395236186504,6.858291642264477,183.1845883909457,136.13601410415563,0.617940883892257,2.342300807917397,0.7776914565169306
1326,8,8,239.1557627035845,119.57788135179224,119.57788135179224,36.68398378908872,3.0912465691900843,171.31958236798604,169.44860652268147,1.4863963122171489,2.568206196882023,0.7408441017532406
1327,5,4,144.6701133011352,80.37228516729732,64.29782813383787,44.80283505298309,3.263438103005969,132.27630533691666,101.72023308694445,0.03390767080750964,2.0194684338844002,0.7734774855356347
1328,7,8,186.08334771819693,86.83889560182524,99.2444521163717,29.07258735672801,6.776220481065404,170.35168915680836,120.9934458595727,0.7607341367594521,2.2142259989103343,0.7848428692448284
1329,8,5,324.8673676055025,199.91838006492463,124.94898754057789,67.67747003295474,3.6794683980326575,307.51350403201354,223.14372210141784,0.7412868007926693,2.826069529376364,0.7780447538605704
1330,8,8,218.23058799287887,109.11529399643943,109.11529399643943,33.23554780851596,9.243316931614284,264.8180065386913,188.6069384176141,1.4403037744519354,2.672265600818446,0.7812443263601351
1331,8,8,100.66320783263365,50.33160391631682,50.33160391631682,16.542117382184752,2.5464839779997583,94.7844345156548,89.01998679852272,0.11923306406172839,1.866113716800078,0.7465873244155803
1332,4,4,105.7572087882027,52.87860439410135,52.87860439410135,28.27972416480448,5.274283113065792,106.25825703560412,83.94925854486738,0.05546563660024819,1.798039429663626,0.7707581665497267
1333,8,5,231.4964937356108,142.4593807603759,89.03711297523493,44.41667621011416,10.358708591778685,244.80903958559207,159.94269796859882,0.35402715814983654,2.5102750456761203,0.7897710592595537
1334,6,8,149.4668849204564,64.05723639448131,85.40964852597509,25.582094416882924,3.2466777142446093,226.79337616840104,190.89907592457143,0.8905129403325407,2.683711108122521,0.7572427940264914
1335,8,5,246.63871186892143,151.7776688424132,94.86104302650824,46.35653537394953,8.190791299452949,171.8551158531787,133.10406361873018,0.3397972276690441,2.318149132151312,0.7741274521798127
1336,8,8,160.37074697254167,80.18537348627083,80.18537348627083,24.299827808311182,3.409002755840702,143.44219452500872,122.33059696959262,0.47846685262273897,2.2263267563421367,0.7611333244345115
1337,7,6,240.155579614609,129.31454286940485,110.84103674520415,54.68874227144567,2.0449583074854782,157.01794315082776,145.1956671312555,0.4282599963650947,2.410504600022988,0.7512306531724984
1338,7,4,133.00013461280713,84.63644929905908,48.36368531374805,31.65333048759035,5.469548265926826,171.9762511012852,127.22395876965092,0.03934808758752012,2.2692456317766108,0.7696387456018985
1339,4,4,326.0786438773573,163.03932193867865,163.03932193867865,111.51224485608108,12.167730869294482,420.3568175900588,277.8574487966856,0.7656760687063644,3.0080980260057717,0.7888577365242054
1340,8,8,188.2370454796501,94.11852273982505,94.11852273982505,34.366027184320586,1.930895365413193,260.0786738277896,177.45863238474908,0.7501243358263094,2.6136342548723106,0.7832912378153299
1341,8,8,253.3144801691412,126.6572400845706,126.6572400845706,41.18493609794384,2.5661358912896395,177.84063784670832,140.94798610841727,1.2697419711043283,2.379239342272535,0.772554846921905
1342,8,5,273.31507047559194,168.1938895234412,105.12118095215075,55.242047170793995,4.512058632634487,304.0905289875383,200.251919899609,0.5208356791810248,2.72843757047125,0.7869279277532081
1343,7,4,341.79571138794995,217.50636179233177,124.28934959561816,76.11333663634078,12.213451133781716,257.7439041969894,222.50707149126143,0.6283316855412948,2.8235573754747527,0.7584042522840202
1344,7,7,167.22780628868307,83.61390314434153,83.61390314434153,28.15442188596263,3.953624799462667,213.08211837450727,152.21900332710567,0.5613666280878599,2.4596358804719425,0.779666139266892
1345,8,5,308.29232554351256,189.71835418062312,118.57397136288945,65.39162266951605,6.572461697622181,249.94982932205613,174.66450452286233,0.48701168432890196,2.5981187006583486,0.7848208270135407
1346,4,4,308.8079249684078,154.4039624842039,154.4039624842039,96.58712120348969,2.1977401867973327,257.10463794359686,256.9496162600932,0.9605889451557934,2.945623122137416,0.7377444185460298
1347,8,7,238.235349469848,127.0588530505856,111.17649641926239,38.93062899234077,2.948254029601073,184.2958306291069,174.81060224852834,1.0834049881802121,2.5989385684607718,0.7461625315524126
1348,5,4,344.94687427919547,191.63715237733084,153.30972190186466,79.05089230853541,18.62175810112437,237.36966552339248,177.53961376613034,1.177632886335789,2.6140788180498093,0.7797101811372286
1349,6,5,144.14687209515805,78.62556659735893,65.52130549779912,29.702879318016226,1.329551865250483,118.24794336357348,78.81769772094566,0.09784731058945635,1.7245791272018254,0.7912293868329756
1350,8,7,107.64240256811206,57.409281369659766,50.233121198452295,19.255813772489336,2.762958484954793,84.2648876802675,73.05005926652915,0.07266628331371551,1.6359347525156496,0.7595335448792027
1351,8,6,276.7995267455916,158.17115814033806,118.62836860525354,49.54865983724383,9.852391622710456,351.11261900239833,252.6120223402677,1.4038311792709244,2.9316631376962126,0.7767605365260235
1352,4,4,228.5579695523741,114.27898477618704,114.27898477618704,59.07364633808938,3.0287664196062694,204.4177255334016,170.22581985317743,0.5615238458835726,2.5727440927323504,0.764256846674298
1353,7,8,291.06629868123866,135.83093938457804,155.23535929666062,42.80160665261762,7.401666185078576,288.7568706689835,243.96520772169487,4.149966246783885,2.9027016378996935,0.7620896581950642
1354,6,8,321.52983960677943,137.79850268861975,183.73133691815968,56.23152669563433,9.023416825500592,442.6616976485574,340.8276622830202,7.453631503273978,3.158305154403646,0.7712311636407859
1355,8,6,199.46959948940045,113.9826282796574,85.48697120974305,36.89427854677984,3.644125283176204,207.64900082188663,190.9952113152899,0.4976874473151154,2.684186838291847,0.7459064319419123
1356,7,8,159.87729421651818,74.60940396770847,85.26789024880969,29.70760838750949,1.230330236942268,262.5909307404502,165.2272404704388,0.6180088702795246,2.5430461619814957,0.7902304780382097
1357,8,7,95.6598504553566,51.01858690952352,44.641263545833084,18.739489207198847,0.5545392823151077,65.41024944924091,62.49351985463265,0.03856028301543538,1.4544254858698549,0.7459950001401332
1358,7,6,218.11995204101777,117.44920494516342,100.67074709585435,45.26574171027693,4.670705946453698,244.09277979225857,158.82988297102398,0.517375856324944,2.503185326216959,0.7910600729003031
1359,4,4,307.42606723705603,153.71303361852802,153.71303361852802,61.800560039224,12.92135585059513,372.1159150464895,293.87072348667743,2.6231683564529944,3.0511580949236246,0.7683476570122553
1360,6,4,163.3209220532077,97.99255323192463,65.32836882128308,45.3373469146724,1.0123289949708774,241.5205659966186,155.9365295067825,0.05649253665519366,2.4844320612788953,0.7827878189355264
1361,4,4,253.8392242771389,126.91961213856945,126.91961213856945,78.82571467633598,9.595476991967477,215.2082515448325,160.734916217689,0.4305853402242154,2.5152814626884,0.7790439389754119
1362,4,4,276.9223930179552,138.4611965089776,138.4611965089776,65.28658835925509,7.495459288902805,268.9065512859518,260.5543847942288,1.5353361655129423,2.95695000315782,0.7413910441998539
1363,7,7,254.79585355868133,127.39792677934066,127.39792677934066,39.46505594017318,6.17414854948091,270.13164240021433,181.5660476101149,1.7245575997976164,2.6358288508545367,0.789086373027768
1364,7,8,306.0660797457407,142.83083721467898,163.23524253106171,45.3131191665729,10.5452016689244,214.75365937345663,176.54293431814688,3.268726537767588,2.60858743280252,0.7683953766621533
1365,7,6,168.0468129124344,90.48674541438776,77.56006749804665,29.93179553636331,5.901226367848203,157.20672743225035,140.7325173201571,0.36386078267679484,2.3776205629650926,0.7531985132038341
1366,6,8,213.30589967736083,91.41681414744036,121.88908552992048,38.09002798240935,1.7033722578797579,358.1725562444259,264.85863759690875,2.415970404068398,2.970160056914253,0.7720840084066846
1367,8,8,98.7276819592806,49.3638409796403,49.3638409796403,16.52843206842279,1.9642358996436384,91.73338862712382,73.37261940932152,0.08850628277299154,1.6410741995836784,0.7693767174459357
1368,8,6,168.17003747028966,96.09716426873695,72.07287320155271,31.769702552506605,3.3166664400320656,184.5190001864781,157.1554708831804,0.2744938270420146,2.49238960999494,0.7564227846905885
1369,6,5,113.03510539948988,61.65551203608538,51.379593363404496,26.63755474478853,4.012263275579698,65.59497353760639,62.21227514105776,0.03503342795792634,1.4492078085565525,0.7483980002749165
1370,8,8,333.9555131737156,166.9777565868578,166.9777565868578,56.41533488375481,1.7130837567725892,376.679786922567,244.96027529300216,3.773468106270422,2.906114205335369,0.791589790756507
1371,8,8,218.3682907865409,109.18414539327046,109.18414539327046,36.069312544571545,5.267717696884671,219.59820067416783,161.2265017420015,1.0817924680538495,2.5183711504890423,0.7794166314399753
1372,6,5,297.0623823908426,162.0340267586414,135.02835563220117,54.0120211566546,3.202075070552372,283.627556934818,177.76520264054918,1.2326404230969272,2.6153157303945602,0.7964328912853372
1373,8,4,123.232116873495,82.15474458233,41.077372291165,27.479321703350116,1.8308187639398044,109.5195153236834,72.11900817006193,0.012369288780520358,1.620973629760893,0.7883534658986777
1374,8,5,256.6149513958311,157.9168931666653,98.69805822916581,51.072814708649766,6.507624809869814,303.7826233458766,192.63364427596565,0.4678093596483079,2.6922421471079936,0.7903783131713181
1375,8,6,105.1119577371395,60.063975849794005,45.0479818873455,20.520947238163902,0.7324672114549198,119.74579675854486,78.64920777504797,0.04473609049561897,1.7220839269641934,0.7882471400795965
1376,6,5,150.21885724691742,81.9375584983186,68.28129874859883,25.033919386827755,4.234308029075466,197.00025080189,128.73685508259794,0.2520643938385308,2.28209775861071,0.7881667220662419
1377,6,5,324.1333985405015,176.80003556754627,147.33336297295523,54.45397046296599,13.139911391380272,349.79405278061853,288.4786678998712,2.8433157133944236,3.037082418007498,0.7628806491712375
1378,8,8,176.87902818399135,88.43951409199568,88.43951409199568,29.124735839088835,2.648093108651293,131.28387027366452,126.06090792336326,0.5405458408267615,2.2592339624100046,0.745252163999889
1379,7,8,307.4653838614477,143.48384580200894,163.98153805943878,45.1577083997025,10.51908468752897,453.4524843345223,293.3445231779356,5.685385874539751,3.04980262233755,0.7900354173266506
1380,7,7,149.12274389550254,74.56137194775127,74.56137194775127,24.41423972809543,3.1724621274446725,80.80913087420512,76.15487102766497,0.20932241881968697,1.6844940714087768,0.749955027100493
1381,8,5,250.0164002230958,153.85624629113588,96.16015393195993,46.82414712063084,8.097674168253722,283.8817815208272,219.0189005775464,0.601964264821259,2.809600337554869,0.7679203839995472
1382,6,8,344.1648434061922,147.4992186026538,196.66562480353838,52.00197997101791,6.763001160218483,357.63492798714594,301.19433988109785,8.50357971943369,3.0696298085967406,0.7626292811602688
1383,4,4,190.8644758195593,95.43223790977964,95.43223790977964,42.99210986200743,6.323182994971525,178.03899282948151,162.61582909207095,0.4729784111986499,2.5270341570368084,0.7510689223883451
1384,8,8,274.09731446573267,137.04865723286633,137.04865723286633,44.91900729974341,3.461097180798923,284.57507185066225,260.264722526854,2.8444622450113677,2.956048828036282,0.7490603102432186
1385,4,4,173.17738826647692,86.58869413323846,86.58869413323846,57.01758288915703,2.5100477713151705,166.5138859023937,138.57127525585918,0.1252915728701142,2.3612028369419122,0.7636199177264807
1386,7,8,173.71738514961845,81.06811306982195,92.6492720797965,27.264590247671133,2.683322813926269,193.6085736758734,172.42831447670454,0.9509713209709795,2.5854488774244446,0.7529782640611542
1387,7,7,156.02285405822136,78.01142702911068,78.01142702911068,24.90020922847232,7.278348170019288,178.5113846233955,125.64321403592017,0.4324853504556701,2.255610080402016,0.7834686461658945
1388,6,4,343.9451062664687,206.36706375988123,137.57804250658748,91.82634974859144,4.721984963888453,354.3541105625376,258.5690814113641,0.5750132594968134,2.9507420816128556,0.7767066576581902
1389,7,8,280.06692852601475,130.6978999788069,149.36902854720788,55.89910370722543,1.380375573094604,237.5812673548211,175.14888250231544,1.7707149979289558,2.6008332457900942,0.7806110043795292
1390,6,6,282.83499345924145,141.41749672962072,141.41749672962072,52.730689778911014,5.125302185107729,324.0079533166941,209.4011631604452,1.888306562891897,2.769343992441596,0.7923798907863169
1391,6,8,143.21893947095214,61.379545487550914,81.83939398340122,21.03034872047339,1.0764411382679175,228.42015166170185,163.65103206712894,0.7727938448054869,2.5334234804333464,0.7771188467750849
1392,8,7,277.7859244688526,148.15249305005472,129.6334314187979,46.95788467725485,5.795798893489763,205.307330125468,158.64720816595565,1.2779873826288364,2.5020150561722057,0.7751367823965175
1393,7,8,289.55288263575125,135.12467856335059,154.42820407240066,49.737078927235366,9.141969011806067,452.1589641153838,292.39424228537246,4.2342459636077345,3.0473448962541485,0.7890264263226782
1394,4,4,107.00725796666354,53.50362898333177,53.50362898333177,17.279848930246597,1.3980626344783296,106.56203445149028,67.0417545101864,0.06563253737084382,1.5359358154443237,0.7965680823509532
1395,8,7,151.07401881981144,80.57281003723277,70.50120878257867,25.435153044599225,3.5883623237486075,170.4660195459361,146.75961598707346,0.350431339267773,2.4217144386631615,0.7559833513870888
1396,8,5,91.72601216312748,56.44677671577075,35.279235447356726,17.508225338544985,4.12385952339927,79.74936631888397,52.25843109668951,0.01519207833816226,1.2496910657803573,0.7918599609112509
1397,4,4,88.21991012702176,44.10995506351088,44.10995506351088,14.21898395346481,2.2047518441761165,71.35966657609848,61.05534549178632,0.04108052644589007,1.4275174655219294,0.7616208056030436
1398,4,4,249.8319568143968,124.9159784071984,124.9159784071984,55.85006602246109,8.938712433385012,174.353659661344,162.6805216583685,0.8227249479140879,2.5274350731059294,0.7503207104349164
1399,7,6,347.04062557465016,186.86802915558084,160.1725964190693,62.21654395069889,11.95030166906444,508.9304222976066,329.3473233326003,3.7945791706089045,3.1344075258979673,0.7876549810754181
1400,4,4,272.29418433977537,136.14709216988769,136.14709216988769,54.698555217465305,2.3743856072296623,305.70716791466697,255.5432753221583,1.634325141704439,2.9411371335300096,0.7608316281542329
1401,7,7,161.04808429244827,80.52404214622413,80.52404214622413,30.845247843166568,2.0276794117027417,137.550696783239,89.25406467387384,0.23427708554562604,1.8691547104485704,0.7945508589367181
1402,4,4,196.7679638744546,98.3839819372273,98.3839819372273,51.02019234240664,4.540148867134744,153.5687149501574,124.338157549711,0.3003800856384842,2.244189650881483,0.7692824371092721
1403,4,4,215.38578651295705,107.69289325647853,107.69289325647853,35.201508808024286,1.7728235172952176,275.31257299002726,208.77744278332787,0.9385149535509676,2.766639107861597,0.7716934234692931
1404,4,4,227.38262436417523,113.69131218208761,113.69131218208761,75.31421011561079,10.164356963573514,167.0851962917708,114.00508197458154,0.1771508742145758,2.1481979407989154,0.7903793551256717
1405,4,4,272.99360290555586,136.49680145277793,136.49680145277793,77.3265585843692,9.350094133694336,326.5658811934797,236.4611120936321,0.9887010485882055,2.876264206316768,0.7792548097173209
1406,8,5,178.47456170735148,109.83049951221629,68.64406219513519,37.71426554343745,4.3458992840840525,153.93671082071518,107.7532366461082,0.09763154020484317,2.084849240302342,0.784017975054772
1407,6,4,229.8589257681037,137.9153554608622,91.94357030724147,56.62215284521352,10.714134469196274,204.9172203214088,140.5275156301975,0.20840809042644579,2.376077416488526,0.7869729589069837
1408,7,7,215.5506703175167,107.77533515875835,107.77533515875835,34.90153693177435,7.820125890545228,194.8676384562134,166.6885733291891,1.0936452899078175,2.55185540971651,0.7608829983343833
1409,6,5,251.00321000338013,136.91084182002552,114.09236818335461,60.00866356777654,10.261816658944111,271.0537872154003,226.70315948369355,0.7162382401583187,2.8399193412526507,0.7609413569811379
1410,8,7,306.5170050643694,163.47573603433037,143.04126903003908,49.82180551713719,10.036599731348518,231.16489172281345,202.81230469859443,2.1708813476506705,2.7401565946485933,0.7582618547763698
1411,8,6,202.36531058750995,115.63732033571998,86.72799025178998,36.14449220072357,2.030960882108933,188.33385030996848,164.68137794240377,0.4612005545134784,2.5397280214063764,0.7550269854124105
1412,6,8,317.69310429935166,136.154187556865,181.53891674248666,59.117621600374704,1.3848395817075974,504.0626023583654,404.932005845441,7.903912179665725,3.2707300289684884,0.7622100597807782
1413,4,4,232.61687727100852,116.30843863550426,116.30843863550426,60.75825208923916,1.9897672691147898,221.4865981139976,142.39641718331202,0.46498710368304774,2.390037864769066,0.7946234073494064
1414,7,7,83.59512838551353,41.79756419275676,41.79756419275676,16.2237124826797,1.7163195049067115,85.04161803161136,59.43800878967344,0.037918268002087925,1.3965695925504926,0.7850242405351338
1415,7,8,288.7330226599688,134.74207724131878,153.99094541865003,52.63184997616893,6.39751371491458,466.6879347813984,312.6930384038983,4.118923739518011,3.0972239237492576,0.7840146328976115
1416,8,7,329.8991819434651,175.94623036984805,153.95295157361707,62.539112264951335,2.547712772155049,220.54970252127168,204.0499782574447,1.8984935528305689,2.7457443925077167,0.751061182272254
1417,7,8,200.5627392277571,93.59594497295332,106.96679425480379,31.364369464523016,5.340135698279549,171.56907868339405,125.70991710603762,0.9120938211849551,2.2561898034411003,0.7815535178959834
1418,7,5,146.18654038421016,85.27548189078927,60.9110584934209,29.670847860643466,2.63797505935698,98.4253020130648,92.951240305963,0.0912478327649984,1.9160618322175413,0.7472161688078541
1419,6,6,294.42897545872324,147.21448772936162,147.21448772936162,65.41800829032881,8.676730300599132,395.0711222931051,255.0363566257684,1.8958511972969176,2.939510775181449,0.7906603390400333
1420,7,4,138.62122479276383,88.21350668630426,50.407718106459576,28.702614041563827,3.4319320432512703,74.33100880881153,71.55881904781509,0.035095027368937756,1.6118803203114522,0.7451711590387664
1421,8,7,136.04596058045553,72.55784564290961,63.48811493754591,25.14679467109656,1.3675670347513753,116.75035067799698,94.42057423685615,0.14577826961667215,1.934135204200836,0.7678525195405874
1422,4,4,184.002907001099,92.0014535005495,92.0014535005495,44.44091775737575,4.41648641413372,213.17774338551283,159.08231767243782,0.3850950821789632,2.5047994932715465,0.7757348730538587
1423,7,8,241.0129290307435,112.47270021434697,128.54022881639654,43.30560291772386,3.9176570123600323,205.289125429036,138.09369685042356,1.2229614112698817,2.357530020018965,0.7911687756187651
1424,4,4,266.5902465890723,133.29512329453615,133.29512329453615,57.754177842057885,12.404801482503435,289.7147562370928,207.3862229599066,1.288608149744509,2.7605627628310567,0.7820614848526724
1425,8,8,348.9068189344327,174.45340946721635,174.45340946721635,56.40279823967054,4.010734409804474,308.9399030984696,255.33434024260475,4.593723113564798,2.940467407224595,0.7653387554449329
1426,4,4,239.8940567705704,119.9470283852852,119.9470283852852,50.94476187353586,4.069757396939428,199.09803368832428,129.97129568596122,0.5969538455085804,2.2924438330319243,0.7941640393793067
1427,4,4,292.9671883148126,146.4835941574063,146.4835941574063,83.83944818745131,12.818402369196038,343.4044377005954,230.8217116151313,1.1025057782153265,2.855542341478796,0.7883766626568658
1428,4,4,109.80829150082629,54.90414575041314,54.90414575041314,21.009135986501576,2.505261144815749,121.90534491312248,94.42381426131352,0.09650043687117099,1.9341747113533174,0.7715710328209201
1429,4,4,282.93822918432784,141.46911459216392,141.46911459216392,60.99183077431413,7.249183089054268,341.7766415935753,228.65691336871464,1.5393521482101438,2.847383396883135,0.7881009169953879
1430,6,8,147.73038681820302,63.31302292208701,84.41736389611602,23.557932910496664,6.06926554255616,178.00451428901317,113.66765874131362,0.5389317277593847,2.1448860799195444,0.7948929762105579
1431,7,6,126.8248057353947,68.29028001136638,58.53452572402833,21.28103939834193,3.1589905257394086,111.70827433941476,106.42761841549364,0.161408229309303,2.0708560082707317,0.7442554584355713
1432,8,7,240.2859082265356,128.15248438748566,112.13342383904995,41.004450666614936,4.118547914926401,341.9248252893883,227.3524391221822,1.3801761999163678,2.8424105291951594,0.7846775703175422
1433,7,8,267.31434651696225,124.74669504124904,142.5676514757132,46.24456598841018,5.801525944206697,214.29287823347147,175.84965116167422,2.07145173981618,2.604741930558146,0.7677380328531671
1434,8,8,229.3164963227284,114.6582481613642,114.6582481613642,35.77537117347694,3.492507182075689,176.88618656137643,122.33506931674724,0.9407349469488903,2.2263669543794746,0.7883218681192041
1435,7,8,257.0597375862918,119.96121087360285,137.09852671268897,45.317951621124166,3.6865931365577973,290.90428755636697,186.71640607244368,1.9800777955411968,2.662674590208459,0.7938667330306394
1436,4,4,258.5245006596506,129.2622503298253,129.2622503298253,51.59750253363742,8.39635945591074,299.3223718278875,232.99838398240635,1.428612083460031,2.863630401320571,0.7706113782700442
1437,8,8,106.80623433447748,53.40311716723874,53.40311716723874,16.632790664822572,3.172928955714198,113.38127316796516,100.70310341976828,0.16653833778981095,2.008003312475233,0.7535601109298199
1438,7,5,269.3010710157413,157.09229142584908,112.20877958989222,52.58903414137932,15.484973985966889,192.742024679532,184.24209088459872,0.7649374840030809,2.6499105959000997,0.7455756815915631
1439,4,4,278.8070867260485,139.40354336302426,139.40354336302426,45.84071569890124,12.822504001805138,256.38482727758026,250.99401444558129,2.1083594934132712,2.9263606554395007,0.7407943030059037
1440,8,7,106.56679953823468,56.835626420391826,49.73117311784285,17.189726724518795,1.613279539050641,102.69760261889378,76.51491435630149,0.08726910085375837,1.689996384270513,0.77718086099066
1441,7,8,257.0435352064977,119.95364976303226,137.08988544346545,39.60886351564233,8.612993015316606,259.61782327317746,188.10537691360128,2.375298746329318,2.6697345219404878,0.781700414549816
1442,8,8,179.63128383076105,89.81564191538052,89.81564191538052,28.93128318848925,1.6017902783533975,115.50097246639316,110.33045558939712,0.49156471402596535,2.1114814675930482,0.7469486911642381
1443,7,8,186.46591025869407,87.01742478739057,99.4484854713035,27.804962805899837,5.627936295902641,218.8740067671669,209.29848407582065,1.4391075975615186,2.768899520735197,0.7417532836441825
1444,8,7,161.35038901988167,86.05354081060356,75.29684820927811,30.50671735944628,1.0642341223483518,118.71725018905906,98.77803227223112,0.20555990264910434,1.9859364533964268,0.765361268851558
1445,4,4,139.04342002087458,69.52171001043729,69.52171001043729,32.05894090970415,1.0711508902683125,133.95145540700796,124.46383633329884,0.17114117736274392,2.2452959572322717,0.7475355522854938
1446,4,4,152.66912090073754,76.33456045036877,76.33456045036877,41.3893838170581,3.8735301954963415,113.45679789828202,98.48626280370311,0.12848699373403125,1.982549198168968,0.7602341954037123
1447,8,6,192.1180691802843,109.78175381730532,82.336315362979,35.24613522429804,7.427420527969742,149.56603449496237,107.31552389674854,0.25502909327402484,2.0802512450984874,0.7833977027846584
1448,7,6,160.51129980768278,86.42916143490612,74.08213837277665,31.523156601901867,7.004941454480829,182.2904801605873,138.4680115154212,0.2782080812266812,2.360410079639893,0.773274792384113
1449,6,5,307.9188063036987,167.9557125292902,139.9630937744085,53.40662734014275,12.71237259622261,432.9427538525557,278.03982790412044,2.396184625527602,3.0086104390039137,0.7893240785745763
1450,6,6,208.2903103246716,104.1451551623358,104.1451551623358,34.66890496556529,7.262598533625073,163.13292634759938,125.2474226447444,0.681343407424253,2.252162273164788,0.7761683834332399
1451,8,7,203.80501409956423,108.69600751976759,95.10900657979664,36.95322926292126,2.125909388786028,185.3614922679084,141.46692591558048,0.5345812066180567,2.3831248190936303,0.7747213680351277
1452,8,5,117.783340747153,72.48205584440186,45.301284902751156,25.538122314573727,1.4887223381578991,110.93518856165734,89.88219610929679,0.030620161124678153,1.8772723298275782,0.7639711586619816
1453,6,8,235.09189735881603,100.75367029663543,134.33822706218058,42.3944326705436,1.0668996952144476,341.2174536449971,268.10212071183605,2.928827773777063,2.9798955504155655,0.7670226312352564
1454,4,4,245.32768194958044,122.66384097479022,122.66384097479022,65.5204395074309,7.478141539228158,180.79270681302228,153.0637017601845,0.5651911615172767,2.465341054719725,0.76380068467949
1455,4,4,304.81639755466574,152.40819877733287,152.40819877733287,70.50451801812989,6.103295365065376,258.3147393982473,236.13942543606333,1.6882840330597089,2.8751023773040876,0.7516538748862467
1456,8,8,145.72170114164882,72.86085057082441,72.86085057082441,22.873208997352613,1.860394140773524,117.91712668546003,95.52769378706824,0.2843756716347408,1.9475474497589098,0.7687934016652835
1457,7,5,191.2420648913033,111.5578711865936,79.6841937047097,43.843522854156376,3.5071858567223733,166.33819741972684,109.41849884128136,0.13194140042058264,2.1021426689888347,0.791566135729697
1458,8,4,147.45938429308345,98.30625619538897,49.153128097694484,30.40895762671763,2.142826200278402,152.76486936455032,119.12012385213316,0.04569518108300166,2.1969927019694,0.7644533299689115
1459,4,4,164.85603558498292,82.42801779249146,82.42801779249146,30.07559693546225,4.0472819849506445,132.35616771540967,98.63292930886163,0.23726863649916247,1.9842533245671787,0.7795199263400447
1460,4,4,113.94418830614418,56.97209415307209,56.97209415307209,30.051771524761744,2.656170795952751,80.32563412360916,80.17774736497266,0.05915516858567107,1.7445219695269052,0.7396464740270914
1461,7,5,349.3201579937165,203.7700921630013,145.55006583071523,73.93156692790494,5.933840764499269,511.6010865355736,333.81781476057654,1.8784632833877561,3.143872924899379,0.7836382943893679
1462,8,6,280.5428323760094,160.31018992914824,120.23264244686118,50.93944403602597,8.671009085073804,210.51945895032665,154.44178245603914,0.8249179575630221,2.4745585731881263,0.7809337347029842
1463,4,4,122.42835467581736,61.21417733790868,61.21417733790868,39.251805508158526,3.4587550095599906,80.38640791305315,70.0622207251063,0.03347533105082083,1.5872422312956873,0.7604412577407151
1464,8,8,332.9135636772384,166.4567818386192,166.4567818386192,53.09932845417405,11.733843926269431,405.57957806427146,327.6876406287138,5.633103519164147,3.1308399744935125,0.7650171130474633
1465,7,8,240.6091627428243,112.28427594665135,128.32488679617296,34.433946201401184,4.694839700713477,245.3068215552674,169.98205100055225,1.9564861034130774,2.571323904871664,0.7865623777176017
1466,5,4,107.24305903647914,59.579477242488416,47.66358179399073,28.28800771746836,3.73166074318874,63.26276146905891,60.7199096427366,0.023094580762012706,1.4211594973698016,0.7463683332500559
1467,8,8,277.2137025085644,138.6068512542822,138.6068512542822,48.54349608417792,3.293830839273529,240.86050190775973,219.7559656858918,2.2036842852869936,2.8125770442489397,0.7515464012878834
1468,4,4,312.867901103107,156.4339505515535,156.4339505515535,55.49058948872703,6.33277920993694,260.19661411813104,203.7980083819849,1.9094152426789597,2.744610831220644,0.7730484172629777
1469,8,5,81.27125820243387,50.013081970728535,31.25817623170533,15.513432564551904,1.3277694998811431,118.81874323155232,79.54126412612361,0.019175742183544012,1.7352327096641362,0.7784212184424503
1470,8,6,135.71830298442214,77.55331599109836,58.16498699332377,24.71616543876221,4.59062636530718,103.89372405470247,90.8913369312366,0.1063295863699761,1.8901851870355475,0.7578888509179522
1471,8,4,233.99239400779848,155.99492933853233,77.99746466926617,48.90041894210537,7.710609936860154,220.5514574162309,139.31486955286,0.13674264044077164,2.366888864360045,0.7927791957543147
1472,8,8,293.2991713360311,146.64958566801556,146.64958566801556,54.27440091072717,1.7809374962304474,166.10961313583596,160.89561288576022,1.5934605046752723,2.5162928817608052,0.7454564056166744
1473,7,8,208.7374102394692,97.41079144508562,111.32661879438358,39.95816498500405,3.116662303425692,238.65792232435533,194.747445575469,1.1989497529171647,2.7024900300600687,0.7649458430545684
1474,6,5,101.378459325708,55.29734145038618,46.081117875321816,25.408097034735604,2.7978282246063904,102.75901307130212,72.27295020204363,0.027193207100749472,1.6234603875332483,0.783501861265106
1475,7,5,268.290450547599,156.50276281943275,111.78768772816625,49.4593283891502,7.390120375915911,266.09684268998353,217.27527463441004,0.9539315065983701,2.8024987729879163,0.7638826980573126
1476,7,5,295.9155411557704,172.61739900753275,123.29814214823767,52.92005658463593,10.52117136142622,237.93545640791612,221.1291582508829,1.2586121593425206,2.8180832915363334,0.7482828855752508
1477,7,6,158.18251808311976,85.1752020447568,73.00731603836297,31.44916271366799,2.2361568172738573,234.0926874417356,155.35519158453732,0.289636558512502,2.4806072848088836,0.7836749616366792
1478,8,8,182.3232117231529,91.16160586157645,91.16160586157645,31.439306935347094,1.3485463473046448,148.7874608369222,135.26768399692867,0.5770943010390116,2.3354551049075507,0.7525892945686986
1479,8,6,195.2386236330381,111.56492779030748,83.67369584273061,34.99169144493577,4.440880334694297,152.3211145491389,126.16834818325688,0.324693956057186,2.2601636730587313,0.7650556573436722
1480,4,4,327.3748106717294,163.6874053358647,163.6874053358647,82.05533222799296,5.746102342483469,233.90040843240075,224.85490921191143,1.6473997787097976,2.8327688183599142,0.7453932484426709
1481,7,7,118.002587282931,59.0012936414655,59.0012936414655,24.061019867395583,2.2151405840893665,98.79796352891836,67.23088517870067,0.07941399876367923,1.539212390049773,0.789639193210135
1482,8,8,277.43925993318635,138.71962996659317,138.71962996659317,50.777049254741776,1.6438037135072692,327.3265741442476,260.8518494119139,2.4378493196905433,2.957873834511081,0.7664769792517161
1483,6,5,286.1591009223862,156.08678232130157,130.07231860108462,63.87049082013644,8.536932591877562,283.5281201848953,221.05139204833915,1.0772681551300927,2.8177728279593706,0.7712071396549602
1484,7,8,321.67705351943675,150.11595830907046,171.56109521036626,52.53966780193765,12.346917825954966,425.4228992708785,284.95085738885325,5.445883300403794,3.0276450442736507,0.7878831238794195
1485,8,5,188.2821034885631,115.86590983911576,72.41619364944735,40.992135323900456,1.5592063270588024,154.15242305732306,113.46630866694068,0.09970084673049942,2.1429041483561764,0.7781861606918339
1486,4,4,171.32783514199767,85.66391757099883,85.66391757099883,59.45505722817095,3.6034000994889936,152.7136341956138,134.6278925349061,0.08465090466091793,2.330374857240337,0.7564820841262598
1487,4,4,187.070587090694,93.535293545347,93.535293545347,50.59910271147181,5.790580114580434,183.7130157143152,133.40350071311838,0.2759114991709331,2.3205656392413543,0.7810969250150491
1488,7,5,335.5866260995624,195.7588652247447,139.82776087481767,60.79612101051347,10.15182233903436,308.7416504942749,273.7682581813696,1.967129410521143,2.9964683087129176,0.7534288563623557
1489,8,7,284.4703588545418,151.7175247224223,132.75283413211952,45.79641513074206,12.119024005844109,227.14480955319,209.1748014473867,1.9773254696245346,2.7683637035467403,0.7509116002298776
1490,8,8,227.5350625966292,113.7675312983146,113.7675312983146,34.532523121038764,2.098118592817995,270.84988948868363,223.4764302053203,1.821144466024558,2.827378095619689,0.7617154852528055
1491,8,6,140.17672181541278,80.10098389452159,60.07573792089119,28.683117412132727,2.2856692098500653,152.21271575535638,104.63778958864012,0.09802941822175627,2.051634899307772,0.7841548979953445
1492,5,4,263.78885167149554,146.54936203971977,117.2394896317758,79.34363731313216,3.1770753513767382,350.13146959722167,227.9404339106937,0.3328518740190057,2.8446573622351807,0.7873198718446326
1493,7,6,156.7641782387559,84.41148059009933,72.35269764865657,31.50137875108001,5.620539108113997,162.61032088823657,107.84051258854332,0.1899981471920868,2.0857634063429624,0.7902391240414659
1494,7,8,159.90820579829602,74.62382937253815,85.28437642575788,23.165353387963883,4.428082472436627,179.2933587979172,176.93087272954185,0.903541476412959,2.610730014118835,0.7373376648087435
1495,7,4,166.33472011880758,105.8493673483321,60.48535277047549,37.79137826469835,5.972825940461541,106.01842405973927,103.358345277094,0.05972701964761885,2.0376584036129803,0.7420028578326996
1496,8,8,205.8104987870588,102.9052493935294,102.9052493935294,31.592578202365484,7.220382709154876,267.956146384713,171.89687971260582,1.1420893262512446,2.5824041178349084,0.7919396122524286
1497,6,8,349.08774692279354,149.60903439548295,199.4787125273106,49.0987978847196,7.878639432852778,507.5942523963576,396.8141244011658,12.277260307049502,3.2581824453767148,0.76821183744209
1498,8,8,260.85668380129846,130.42834190064923,130.42834190064923,40.98967341005884,4.5926907258267855,246.90100630431343,240.17660628241885,2.5082644671980754,2.8895114896745313,0.7408588360335188
1499,8,6,262.573478882157,150.04198793266116,112.53149094949586,50.66402419270183,4.863153547433625,173.69641437349995,131.47510876911684,0.5232693653337306,2.3048804183395566,0.7778504078982907
1500,8,7,157.7381549558222,84.12701597643851,73.6111389793837,28.478176163535743,4.303463172438867,135.99809827212806,97.23074114764422,0.2148266552193849,1.9678424556045795,0.7834443129051176
1501,7,7,121.98359264252689,60.99179632126344,60.99179632126344,22.590116793448725,2.109538985373089,116.51803004996916,85.17415756889588,0.13524447036257664,1.814878471582071,0.7803196264070935
1502,7,5,303.46643801714174,177.02208884333268,126.44434917380904,68.65354612425884,4.833587378953785,224.09179542372527,193.0246178412721,0.6483387600169801,2.694149803033113,0.7597928632828941
1503,7,8,303.25644787016245,141.51967567274247,161.73677219741998,56.126606680113795,3.3821752126513167,376.94160119462936,288.2415153615366,4.048715797712243,3.03645374991996,0.7722012059187604
1504,7,6,315.45509318853595,169.86043479382704,145.5946583947089,62.70763615168403,5.457420427366562,218.82431666291023,194.9821364818449,1.477734437889069,2.7036179335385917,0.7563630670573578
1505,6,6,103.86164972388976,51.93082486194488,51.93082486194488,22.81252903197068,1.85645567107298,96.60734114901264,81.60319607460733,0.06824178316305458,1.7650519991095426,0.7620018304806433
1506,6,8,285.90034174089703,122.52871788895587,163.37162385194117,40.669255760104065,2.463821108795818,321.1393262723855,257.2999009514922,5.098296510148331,2.946734564175836,0.7683045265017707
1507,4,4,114.17223881086991,57.08611940543496,57.08611940543496,37.18090422930202,3.6346536523780726,148.23546394145413,111.3269463025197,0.04668445504044107,2.121581408672145,0.773439349528989
1508,7,8,140.09957109827505,65.37979984586168,74.71977125241337,24.43150438201404,1.744654283320043,122.94967775233572,82.26509584511327,0.23863108509483533,1.7744584828619132,0.7915117218999028
1509,8,7,176.1241176391344,93.93286274087168,82.19125489826271,32.285992885949945,4.120345021070479,184.7128961105856,161.02438430108072,0.45453783834364286,2.5171023704333537,0.755340020767303
1510,7,8,327.67717212158334,152.9160136567389,174.76115846484444,47.3220999759108,14.399265547637905,366.437227510104,235.35057563043983,5.2565212367179175,2.87224310994424,0.7944267990232177
1511,6,4,229.2989912757183,137.57939476543098,91.71959651028732,57.15870615058445,6.751478424823239,126.1514243796056,122.00526728516934,0.16366304965616343,2.223397755688595,0.7449573890888276
1512,8,7,238.8594796098692,127.3917224585969,111.4677571512723,45.81341598886666,1.8093883384555896,232.5061797557612,171.8252135766547,0.8064370999306344,2.5819925163710926,0.7778790627751208
1513,5,4,184.28266365900697,102.37925758833721,81.90340607066976,34.56669532062989,5.773150873841815,223.64612238512703,141.3880679528119,0.321511316544536,2.3825355838182123,0.7928234699719625
1514,8,8,304.55254695673875,152.27627347836938,152.27627347836938,50.36841711093321,5.289932267482777,353.06040902002934,257.06985664582794,3.437024042129963,2.946004905307333,0.778572159032183
1515,8,6,109.8972221094537,62.79841263397354,47.09880947548015,19.24492332218285,4.445283970391724,133.94670328997182,103.69888303407416,0.08799142582525785,2.0413979424076074,0.7684013733913619
1516,7,8,240.2923352862496,112.13642313358314,128.15591215266645,38.453441946385816,2.6450460526940534,257.0647623917504,191.2400504485501,1.984015324528748,2.6853968837132705,0.7775594909757398
1517,8,7,95.5982921247319,50.98575579985701,44.61253632487489,16.471754492097922,1.4573610935498034,91.42455108438028,64.75491181990276,0.052236973059827996,1.4956157501567267,0.7833250608565555
1518,7,8,342.99641039128915,160.06499151593496,182.9314188753542,55.70271026596273,4.31743394422393,264.89070538183194,202.0495192200172,4.229522338255148,2.7366879358413563,0.7771857971959145
1519,6,7,137.78002448053007,63.59078052947542,74.18924395105465,29.586352247266543,1.696953280253824,128.28039863098655,102.22931130633188,0.21516369886178616,2.0251573657867312,0.7703686846040783
1520,8,8,118.40672753509202,59.20336376754601,59.20336376754601,18.875134779270404,2.9021932382689246,169.20625527148184,109.86404684351028,0.21850793620159067,2.1067167684786257,0.7888341037588209
1521,6,4,205.7205414347844,123.43232486087064,82.28821657391376,49.3378562628827,1.5515574189449932,231.91220428945417,157.92122755831298,0.18904951694492622,2.4973460612885714,0.7831293953362077
1522,7,8,166.61600923632918,77.75413764362028,88.8618715927089,27.419537586895487,1.6849392589418395,215.25408769388807,161.52773895221063,0.7713583629918873,2.5202581246899087,0.7739718583428044
1523,7,8,324.7030412816101,151.52808593141805,173.17495535019208,62.891240088802185,1.7868436603391178,360.4398166098616,284.28928725591595,4.218481760402034,3.0258546179510764,0.7696172894006343
1524,7,4,260.0181428217135,165.46609088654498,94.55205193516855,52.40703543810572,3.8149415629675993,214.14533323075813,146.37732624357508,0.28945891382698113,2.4189889455304696,0.786367230416333
1525,4,4,178.1931710085218,89.0965855042609,89.0965855042609,56.27342344513635,6.15722835386582,136.23490108202378,95.35599215740744,0.11028037157750105,1.9454787849399326,0.7872415529141938
1526,6,7,229.0972772155328,105.73720486870745,123.36007234682536,41.23880345798917,2.7162704930971566,151.78031377184467,137.62155383539715,1.0846582368005788,2.353882785228089,0.7549826789458314
1527,8,5,347.8058671619044,214.03437979194118,133.77148736996324,67.80271060549786,12.120830316933283,238.5188573210859,222.1966712980844,1.0752261881298515,2.8223286671708574,0.748797021132808
1528,8,4,309.3956506318717,206.2637670879145,103.13188354395724,63.36524577048969,8.768813287679816,327.88699562626925,234.4561492550168,0.44675287374054523,2.8689835350094413,0.7760665428973629
1529,8,6,242.48450655880555,138.5625751764603,103.92193138234522,42.98871913344535,9.870658185888914,164.27524066679763,129.1386885989867,0.5358960887278463,2.28547933563174,0.7733004319522313
1530,7,8,182.1985999246814,85.02601329818465,97.17258662649674,31.331254074690623,6.10113504509401,207.2225587452136,162.4448621632788,0.8979342480675574,2.525973580513515,0.7707362975380527
1531,4,4,163.13956913616053,81.56978456808027,81.56978456808027,43.89530241661596,1.6263480483110542,157.78996962653275,126.40420555391574,0.19038446794297656,2.262201134095459,0.7685570214627286
1532,8,8,152.4970048303892,76.2485024151946,76.2485024151946,27.966321907802925,0.9800344143835008,114.915632233126,107.06922026760331,0.27943479846229297,2.077654204892107,0.7495976088097726
1533,7,6,162.80764592852316,87.66565549997401,75.14199042854915,28.076931794379995,1.551970527023259,157.31962566449815,144.29639840624034,0.35128638646730764,2.4039865563517604,0.74844011795794
1534,6,4,206.13012227080725,123.67807336248434,82.4520489083229,56.03007000215882,4.649064161180426,179.60300504929248,159.89955489932095,0.11242569608485754,2.5100014338042844,0.7528145695714186
1535,4,4,212.81725888847552,106.40862944423776,106.40862944423776,36.849256165674376,6.8439324555269545,182.94864340960865,165.13984810595537,0.7377616354183124,2.5425159432699753,0.7535998334573257
1536,4,4,158.24313545847116,79.12156772923558,79.12156772923558,52.64950661520722,7.754800564608583,146.90264355529007,144.87999595175228,0.10961442180516075,2.4082226376027425,0.7395711705526636
1537,6,4,130.3419032583291,78.20514195499746,52.13676130333164,28.021335525182288,3.45419013773229,92.78083449844507,75.15560000001378,0.045223158573663706,1.669084602905467,0.7683477982791745
1538,7,7,107.5955371767943,53.79776858839715,53.79776858839715,20.2514810425962,0.8441219455534406,67.52409399708219,59.63828083845175,0.06584987645781741,1.4004421489906427,0.7586071390371834
1539,4,4,92.69917941318988,46.34958970659494,46.34958970659494,31.301969821103803,1.4670596947104853,61.7830179777354,52.901308955398505,0.009934574624433793,1.2635151050561078,0.7626871733535265
1540,7,8,164.27143850716152,76.66000463667538,87.61143387048614,25.1070842093037,7.108926387331436,175.64837592412567,143.60665747234484,0.7372724497072212,2.3989508643199615,0.7660983249824026
1541,4,4,237.4334452758017,118.71672263790084,118.71672263790084,61.30790055275111,8.383357953154151,217.90767848974485,154.87490289431358,0.57652012232161,2.4774327445353412,0.7842762497684193
1542,8,7,289.5838524982215,154.4447213323848,135.13913116583672,49.39564242070819,7.262616481745769,215.3300705666152,179.3137060326955,1.5702824201518766,2.6237470034155277,0.7654589437529493
1543,8,4,233.8300494246157,155.88669961641048,77.94334980820524,49.21641536517882,9.872111057004188,206.4709297687752,158.21699559337202,0.15541729359580478,2.499251741454357,0.7714796404734776
1544,8,7,216.33430538219528,115.37829620383748,100.9560091783578,37.74068315867698,2.96814883343744,253.6984540484846,186.83148333668487,0.8734499740383123,2.6632623566130107,0.77589736958881
1545,7,8,297.0067520448324,138.6031509542551,158.4036010905773,48.32687608778416,13.582541877441548,385.61940157838,286.7730959265209,4.720074129314713,3.032542762463775,0.7759698647341657
1546,6,5,176.99558901696415,96.54304855470772,80.45254046225642,33.38827259683437,3.091548429811383,237.5219850192389,172.1227302699701,0.4108072505940517,2.5836996879338407,0.7750598215847024
1547,7,7,118.4073580889151,59.20367904445755,59.20367904445755,20.67077369769792,1.2723101319634218,125.33968202561312,108.36367009815076,0.18155743674674674,2.0912249421455615,0.7569978027411013
1548,8,8,238.98997394035945,119.49498697017972,119.49498697017972,36.6788325781344,5.1757589919941696,250.2169401581629,193.29029917348825,1.7252467563227905,2.6954429545971976,0.7726172245733126
1549,7,7,345.5003161070505,172.75015805352524,172.75015805352524,59.56923263122785,3.1161484173739114,270.10787456789257,263.2822746259874,4.0983489313630495,2.9653611015032704,0.7423818261985894
1550,8,8,203.8841514527728,101.9420757263864,101.9420757263864,34.167923308873256,4.946372087483363,271.1179764530434,171.0860315639614,0.9846301700045805,2.5777331700802777,0.7931044789741304
1551,4,4,206.8628235242778,103.4314117621389,103.4314117621389,45.745338771021125,7.500256134553486,111.12327351559594,109.33257318425638,0.368419293010586,2.1012579928011714,0.7434998126573801
1552,8,8,254.16575361086265,127.08287680543133,127.08287680543133,38.910198255843774,6.4254234971043,251.0829662944422,213.30115722331385,2.1814506881516453,2.785991692260551,0.7607076265335629
1553,7,4,198.0839735980064,126.05343774418589,72.03053585382051,50.27740333362503,2.238766035847072,163.40169534413468,110.4535540525536,0.04529835998228231,2.1127350091073622,0.7874985946603248
1554,7,8,93.91125783555634,43.825253656592956,50.086004178963385,14.201988591203994,4.230318882822329,98.4248202109024,77.65396190019943,0.12119549871600512,1.7072327790036697,0.7710183212755173
1555,6,8,257.1582733066906,110.21068856001025,146.94758474668035,43.40586286207338,4.065691743848011,295.1643000980372,208.7583669407608,2.9225081629262366,2.7665561943656516,0.7836523583746248
1556,4,4,241.3461711331294,120.6730855665647,120.6730855665647,83.61218907517346,1.4111217117377155,249.2306566884401,209.71312679311475,0.2675319907219244,2.770692437183181,0.7610250985171518
1557,7,5,236.09757595538625,137.7235859739753,98.37398998141094,51.847923898923774,2.866623245621227,173.644877944898,147.39409614365616,0.3218315038685391,2.426217214984357,0.7617883633117974
1558,8,8,140.05277924771562,70.02638962385781,70.02638962385781,21.596051953619263,3.690567549780124,103.27306695710566,100.57604835218076,0.2884300943259789,2.006561810196631,0.7432661193738546
1559,7,5,239.4440444659508,139.67569260513798,99.76835186081284,44.32562983102149,7.931020194327805,214.7866851739244,184.8687764011605,0.64255377943642,2.6531663986453546,0.7581531539522878
1560,4,4,312.0585042227047,156.02925211135235,156.02925211135235,108.89985811071467,6.917658321548094,276.16437955092675,230.39820186311343,0.47832794747241975,2.8539552693343038,0.7642679935045525
1561,6,8,169.03248671107252,72.44249430474537,96.58999240632716,31.25169874792729,1.231049933245856,175.22536041466495,115.18829525128682,0.591877736636379,2.159718506664348,0.7926258294840682
1562,8,7,301.7011877478092,160.9073001321649,140.7938876156443,50.184849695966896,5.786620579910052,289.6005411893578,264.5004096701432,2.6560798940964374,2.969073408953886,0.7496092912230697
1563,4,4,346.5228297675773,173.26141488378866,173.26141488378866,88.2883362823718,12.825334112871545,303.4252410614909,293.54611564663503,2.488723340354008,3.0503223744851984,0.7430009034045488
1564,4,4,155.42577279137615,77.71288639568807,77.71288639568807,36.36420664500557,6.273355008575918,194.3323686663809,140.13431273996406,0.25916383592849795,2.3731093587890375,0.7792922454864173
1565,6,4,226.031078503674,135.6186471022044,90.4124314014696,49.67444938809179,11.122986175087595,234.96955613862707,147.5936041719677,0.2962015355310259,2.427627777976933,0.7948525895734246
1566,6,4,93.13131212970046,55.87878727782028,37.25252485188018,19.863108090177185,3.6872451852007746,86.3463920069062,65.32249596586597,0.02045670070281078,1.5057456212499318,0.7746503462575685
1567,7,8,114.98833309074251,53.66122210901317,61.32711098172934,16.682765888325875,0.7562688160027744,96.39294138518903,82.48856961028442,0.1928228943233767,1.7776164907326453,0.7615353039375194
1568,4,4,218.67846315038744,109.33923157519372,109.33923157519372,58.027665459536784,8.34744837806893,141.64403326350828,111.06126394913464,0.3241646021110606,2.118899159495752,0.7745966121865754
1569,7,6,134.57415900577814,72.463008695419,62.11115031035914,23.502694547215256,1.850177045203972,118.37274075941563,99.6599870637276,0.15743668586581114,1.9961065732113181,0.7621345663060846
1570,8,4,294.19801270475307,196.13200846983537,98.06600423491768,66.23123580306472,7.577102110180452,212.55564539198843,188.52178557071224,0.20112799007162804,2.6718365646999507,0.7537127702791284
1571,6,8,146.39844971168657,62.742192733579955,83.65625697810661,20.22524449003217,3.319932265620889,163.73203492533673,134.024521989636,0.6903878142521211,2.3255553144269174,0.7657739209697529
1572,8,8,148.0146168135792,74.0073084067896,74.0073084067896,23.094119187858887,3.1229056448180605,85.82206268407383,80.87646219746357,0.2454271072547521,1.7546321294062885,0.7496690457322335
1573,4,4,201.06544141129143,100.53272070564572,100.53272070564572,60.78873032118402,4.619225433699664,141.35612371673952,137.8052754064526,0.24378895527741395,2.355303930640305,0.7434005026287702
1574,6,4,166.32393790330116,99.79436274198069,66.52957516132047,44.89455582266022,2.177194740416361,208.53823564051623,154.89860839276173,0.07259227529380612,2.4775897407693073,0.7704237759938991
1575,7,7,262.76569608692193,131.38284804346097,131.38284804346097,51.07492279266904,5.758629117412529,184.7268954083662,178.47578423141036,1.3221407411521875,2.6191974864136616,0.744787674367271
1576,8,7,182.19745667924465,97.17197689559715,85.02547978364751,30.880213595575427,4.815915915453786,192.0276644768163,145.86047057414046,0.5025603790952926,2.4152890778048546,0.7739706688325212
1577,6,6,202.86646792070545,101.43323396035272,101.43323396035272,43.51208067863706,5.844603130547395,276.2169077474792,190.94034824765288,0.7147790652054725,2.68391538814536,0.7826521344919257
1578,4,4,246.6582137599113,123.32910687995565,123.32910687995565,73.02476558426827,3.377497986468148,203.29502645697693,164.981575771667,0.46695039156749935,2.5415547052953307,0.768433413138616
1579,8,4,201.5070963236276,134.33806421575173,67.16903210787586,43.14981965429927,2.266064900136911,243.8885778708644,182.4680474947085,0.11542334155322546,2.6406080156133043,0.7653622978857348
1580,8,5,284.8365855308108,175.2840526343451,109.55253289646568,61.650544856210296,4.492978010434519,323.76030769133547,219.47543051401163,0.4844334660203939,2.8114458330561938,0.7831520961319614
1581,4,4,316.2325721278861,158.11628606394305,158.11628606394305,67.29517689066988,8.861825754163307,184.13328364974905,182.19278792401536,1.5377439204458307,2.6391531316834453,0.7422001852111786
1582,8,7,263.6626732296852,140.62009238916545,123.04258084051976,42.254993834185335,6.068805085552095,204.62895543813548,171.82832473880472,1.3546375237714134,2.5820103897298985,0.7639676066596585
1583,7,6,318.65247327036707,171.58210099173613,147.07037227863094,68.31998744077873,2.4024485203164034,501.237212980977,314.22960100188686,2.068044127989577,3.1007878149578274,0.7883783730636048
1584,8,8,242.77896881249188,121.38948440624594,121.38948440624594,36.49971942082429,2.457007930116113,252.10538776982816,158.29410964161303,1.4484677560878525,2.499747805301768,0.7963244344496339
1585,6,8,298.8473225022637,128.07742392954157,170.7698985727221,38.439111514359205,10.758567103025367,312.3648423895445,246.9256820785344,5.894432467892613,2.9127925496959364,0.771255493595209
1586,8,5,132.4604367524754,81.51411492460025,50.94632182787515,26.74237669324741,2.966506142949949,118.30165375291116,99.27797817536374,0.05727370416575768,1.9917141358627684,0.7603722392958301
1587,8,7,332.8601157980873,177.52539509231323,155.33472070577406,60.344805165687305,4.9319726933733525,386.2802937887075,307.56127906827044,3.275583768111729,3.085113891159016,0.7660449798483788
1588,8,8,304.1990655079354,152.0995327539677,152.0995327539677,51.921506258727305,4.356838049074533,303.50551832383144,297.3275351566888,3.8048213698059943,3.059967456200339,0.7389506222173245
1589,8,5,306.6539271092009,188.71010899027746,117.94381811892342,60.91991233458377,8.92664378850791,270.4599904966987,230.1151398275584,0.8159258652675532,2.8528920583953687,0.7588692895882803
1590,6,8,292.0069118269533,125.14581935440856,166.86109247254473,56.31346830508298,4.1528377056494685,253.7929489219032,201.9893021009724,3.0949486364853387,2.7364132934187744,0.7715432475890148
1591,7,7,220.1761164712632,110.0880582356316,110.0880582356316,40.15964473523507,5.8928719602442925,311.9871916152001,212.09224325775767,1.250556821349926,2.7808796363551966,0.7838407931381807
1592,7,5,190.2562352075771,110.98280387108666,79.27343133649046,33.477557857223466,4.593398443236463,201.6785666139681,166.89041860661072,0.38433029585004314,2.553063812877975,0.7608206389150982
1593,4,4,178.43073240371965,89.21536620185982,89.21536620185982,28.504491105803574,2.1588012759026523,144.50316574189617,94.7489728731118,0.2758267964186951,1.9381318539015446,0.7937924994259048
1594,7,7,145.11658875463633,72.55829437731816,72.55829437731816,27.263311206306525,4.924708384558644,202.01226889071827,135.3509794544411,0.3202409333306209,2.336114236749705,0.7860535762497867
1595,7,8,164.54217613895776,76.78634886484696,87.7558272741108,27.54956643583825,2.62771636113254,262.3007824899413,170.83549642502885,0.7885325995428368,2.576283713744578,0.7873091527616564
1596,8,6,237.25812922728096,135.57607384416056,101.68205538312041,49.369975089585935,2.2511455360513426,215.65614806564616,145.9710038018309,0.3837199802251549,2.416081775535203,0.7880300073108814
1597,8,6,201.97455663456864,115.41403236261066,86.56052427195799,34.99289424268822,3.6514458479193213,266.2989617553779,183.52462267131585,0.5505201505281784,2.646163772009506,0.7803938243474282
1598,4,4,268.4883153864678,134.2441576932339,134.2441576932339,82.06979473518848,4.92272947222561,233.80153628407768,165.87982805271344,0.5078285111000665,2.54699331683595,0.7846385383586326
1599,7,5,126.07804171481908,73.54552433364447,52.532517381174614,27.77944973171759,3.107397912025679,107.19629960210251,78.1299564156531,0.04502256114155507,1.7143596968710257,0.7802513618195029
1600,4,4,309.91174075274535,154.95587037637267,154.95587037637267,97.6082827250611,15.22109232941252,188.52875712196865,163.38875556030425,0.629557432097989,2.5318099455766414,0.7617668129008336
1601,8,4,343.5877822290548,229.05852148603654,114.52926074301827,74.9699590192872,12.401244218373128,472.65590384732815,330.1665044984737,0.6086267215155805,3.1361576139339573,0.7724520956347298
1602,8,7,136.25812086026096,72.67099779213918,63.58712306812178,25.35534290366937,1.6290123978821796,177.6972518170813,134.43088963980125,0.21503496332703634,2.3288043105677363,0.7704739741977437
1603,7,8,176.26450485332057,82.2567689315496,94.00773592177097,27.575248369240423,5.712243840700232,194.90047156519924,153.58724647541095,0.8829285095105697,2.4688559602661413,0.7703662155625859
1604,4,4,93.44082453194936,46.72041226597468,46.72041226597468,27.016333566332676,4.044204040697597,72.97020379829462,67.13541439336032,0.02729274459928549,1.5375595062369636,0.7517470238681778
1605,8,7,239.6110853102448,127.79257883213056,111.81850647811423,45.45373988226865,3.5051421676598142,234.7537148668737,206.7923579065656,1.018525379713744,2.757950703134221,0.7545494434302229
1606,7,6,172.56082257816138,92.91736600362536,79.64345657453602,28.296383936635657,1.7202828271947816,144.09618814992814,127.37628787547152,0.36458576513616714,2.270548374642755,0.7557363708054341
1607,8,8,336.12704863361694,168.06352431680847,168.06352431680847,51.150394448353936,2.949872520906329,364.6125061395084,248.3226759991256,4.4273258466375935,2.917490092773616,0.787028143643172
1608,8,8,115.18089617135678,57.59044808567839,57.59044808567839,20.840008502873257,1.3398834647302702,158.13787264481988,107.31231296451628,0.16427872836977991,2.080217433980332,0.7840911813583353
1609,8,8,127.85879052917744,63.92939526458872,63.92939526458872,21.32432466634,0.988739843945328,145.2508452681616,100.3858970188629,0.21342419441484667,2.004400547882381,0.7847611779577672
1610,8,5,218.0083712886918,134.15899771611802,83.84937357257377,46.35762844150722,1.4582671979941138,169.48503173828215,137.25875558433756,0.18191581832556358,2.3510691983637244,0.7665797917166172
1611,6,7,285.9347701500158,131.96989391539194,153.96487623462392,63.26552507451686,4.382460471843944,387.86089028783977,313.0773554153727,2.912830968999583,3.0981179522175863,0.7639128947675721
1612,8,8,210.84197790379025,105.42098895189513,105.42098895189513,34.11614489232016,6.909126579784606,312.5982023620321,196.6358440502984,1.2925038460545144,2.7115102529134893,0.7919333785662805
1613,6,8,313.95736964319684,134.55315841851294,179.4042112246839,51.79434125684244,2.190544258146611,274.83391221176123,223.5369614433189,4.735657799043592,2.8276158559801923,0.7685847562193825
1614,6,6,320.3082295704814,160.1541147852407,160.1541147852407,48.44906447273756,13.467394436826234,205.6354534988004,182.88804351335108,2.6699554302305963,2.6428219190321633,0.7578361672880444
1615,8,5,168.81246725285374,103.88459523252537,64.92787202032835,35.85542459655117,1.6735165248738684,166.41398740709653,154.7166248670393,0.125504183910943,2.4763836740045218,0.742837706904982
1616,7,7,271.2915886027656,135.6457943013828,135.6457943013828,41.111619601601575,1.791964713730652,284.4992135444418,197.4753405566984,2.118976084514033,2.715480089739829,0.7852038336476154
1617,8,5,348.0235116646329,214.16831487054333,133.85519679408958,76.80555043017183,4.467894449648226,354.2539048323644,316.0930246076649,0.9654314361198576,3.1050722514135574,0.7486452987674583
1618,4,4,117.46520635112071,58.73260317556036,58.73260317556036,31.001640319360206,3.183008489243407,140.28997688095455,114.99066232906875,0.09590707824394293,2.157804200957041,0.7631314544110078
1619,7,8,184.21465350628563,85.96683830293328,98.24781520335233,30.50189885447131,6.243849131516035,157.01234553972876,142.57767718552412,0.8359764991074246,2.3913790949171596,0.7533389479444653
1620,8,4,215.4313776217568,143.62091841450453,71.81045920725226,47.12452585266542,1.6001684255718154,144.84496219099017,119.25874304457294,0.07380110198287976,2.1982792922751906,0.7644408450727489
1621,4,4,269.34656531746515,134.67328265873257,134.67328265873257,87.5678958098514,6.4603742338034,193.8846744764996,174.91229987544438,0.424497663567352,2.599508706956645,0.754943627536551
1622,7,4,224.31995110705068,142.74905979539588,81.57089131165479,54.72853816164905,3.679692259173716,296.45059417045866,185.30877356412003,0.13892422745831867,2.6554429372170696,0.7877760962474735
1623,4,4,213.2964178477372,106.6482089238686,106.6482089238686,49.26927356113528,4.359369668084837,243.03312194171252,172.67671769841803,0.5936554691523263,2.5868675778149846,0.7818126405713041
1624,7,8,222.3950916478808,103.78437610234438,118.61071554553642,35.69614236355826,5.015599972861748,267.947004489168,224.24283375382,2.033165121274173,2.830381347451293,0.7609397670102576
1625,4,4,346.29711153066614,173.14855576533307,173.14855576533307,57.29803559076356,6.690158744434712,177.7405510683352,175.52843642843476,2.0658638345077964,2.602953002103696,0.7429679668805149
1626,8,8,130.11484319718193,65.05742159859096,65.05742159859096,19.7045804685336,2.766127056830819,144.60107919302132,107.91789570133264,0.27379173454376876,2.086573220963147,0.7762040872088869
1627,7,8,277.4288316682575,129.4667881118535,147.96204355640398,45.59619101306801,4.243828418666714,275.18405649576647,247.4663822002756,3.3957107338086483,2.914615540349184,0.7530103693323996
1628,8,6,316.5029113074909,180.85880646142337,135.6441048460675,62.7204606355301,5.195901809879686,278.7755263839865,254.7896249460048,1.4431599889793605,2.93871737154465,0.7494801704712428
1629,8,8,196.5300674288785,98.26503371443926,98.26503371443926,31.173112075233554,4.064359503992011,149.82962854581874,138.9760570198235,0.7842225513532998,2.364302974479174,0.7503953247507916
1630,7,5,194.8999027669817,113.691609947406,81.20829281957572,38.96299132101491,1.9644946343002017,149.25323296225858,110.4217855837749,0.20062896956239284,2.1124116624264335,0.7791412731304668
1631,4,4,179.7745092717708,89.8872546358854,89.8872546358854,62.52144341201981,4.977557124172479,154.79901131889812,103.37641682996548,0.06878599010519698,2.037857211059285,0.7916206738485091
1632,6,4,241.5413175377089,144.92479052262533,96.61652701508356,56.03747648425494,2.9633648610634293,188.92124053168132,160.06551390649014,0.2949891371256976,2.5110533902508942,0.7609780597573069
1633,6,5,302.01602052171467,164.73601119366256,137.2800093280521,55.706496872276354,11.475858559647136,240.6842324927996,185.16999782433223,1.389506950336607,2.6547257449864716,0.7752085423334875
1634,7,8,119.30541417435022,55.6758599480301,63.62955422632012,19.846128623284287,2.3085392704662704,89.84826436519658,77.1234512849198,0.17105388649180747,1.6992370535660075,0.7620326029047992
1635,8,8,274.1302180890796,137.0651090445398,137.0651090445398,43.164385136493415,8.570543432542532,240.613707711311,175.5287113389786,2.0028652731513734,2.6029545351134176,0.7815144226073615
1636,8,7,165.70444149362854,88.37570212993522,77.32873936369332,33.102011709000095,1.2587857174223658,127.41758401568926,123.0489053743644,0.24333939122225337,2.2327597350845836,0.7433369847325055
1637,7,8,136.83706723106994,63.857298041165976,72.97976918990396,21.941814546866983,6.011482680531925,143.25042230730753,123.0388100208647,0.4101737401162421,2.232669647110457,0.7595759228919692
1638,6,8,233.7511989437193,100.17908526159398,133.57211368212532,42.67530738243683,3.501344643851153,327.5091683499982,210.57784869001108,2.233214731217923,2.7744147467826976,0.7919470227171126
1639,8,7,256.50718304006284,136.80383095470017,119.70335208536265,45.614383540720084,7.1875032251118816,260.4432201806923,221.097906696134,1.439486579143721,2.817958546531766,0.7597159169682616
1640,8,6,342.06760406281865,195.46720232161064,146.600401741208,68.14130929242154,6.964648641045852,244.76588197778383,216.35101521351947,1.4023698730653966,2.7986999127375656,0.7567579827200822
1641,7,8,133.2941824908762,62.203951829075564,71.09023066180065,20.634383388159865,5.199807542125579,130.90369815914605,105.44049940828762,0.33837501084970145,2.060302420200881,0.7688421442633784
1642,7,8,259.43612013354806,121.07018939565576,138.36593073789228,50.55150423909467,1.985152285644271,246.32773631490304,185.17824613062467,1.6933341752845623,2.6547683935716924,0.7773942040342197
1643,8,5,238.0309603428914,146.48059098024086,91.55036936265054,46.3238653544368,9.904150093772522,272.8367970280769,184.0317164119384,0.4176541469141273,2.6488141110743575,0.7847510494301376
1644,8,7,329.7172061202032,175.8491765974417,153.86802952276147,58.285483086097365,2.086478880076347,355.595221649765,282.29979083276646,3.048049308787372,3.020430436904966,0.7673404695753787
1645,5,4,215.2024536299095,119.55691868328306,95.64553494662646,44.34595335811838,8.643666656719962,180.9302400827913,126.89804273392484,0.35980331246301894,2.2664517433620985,0.7857073660285673
1646,7,4,348.4744977918474,221.756498594812,126.71799919703541,77.37613691723142,10.733542099009258,263.49162487154354,243.94064594322532,0.7186735381804183,2.902617134404677,0.7479578564791234
1647,6,5,253.03696066606253,138.02016036330681,115.0168003027557,67.67124475683084,3.6364580944280265,315.6778894606276,207.54068270324169,0.39941087191041097,2.7612403401473613,0.7878523276739886
1648,8,8,215.4119946052407,107.70599730262035,107.70599730262035,38.719138227685654,1.5972061521940795,220.89832137005223,208.6657942150308,1.2010741334160315,2.7661536669638607,0.7441322003890516
1649,8,6,236.9441638907308,135.3966650804176,101.5474988103132,44.84178962275725,5.209454710149961,195.122059385355,141.33218476243502,0.4845654496302862,2.3821177584632074,0.7815069439310736
1650,4,4,334.4437042358219,167.22185211791094,167.22185211791094,64.29683333971568,13.155641716701291,246.31157709187408,202.1711123422585,2.1533903228456555,2.7372421424357887,0.7680602049570404
1651,8,8,314.23819757640246,157.11909878820123,157.11909878820123,49.46264497510388,2.8223515398524537,276.7195441096513,178.76674492365794,2.628586061188982,2.620780669644904,0.7947463708426412
1652,4,4,147.57726522039604,73.78863261019802,73.78863261019802,45.84600162878811,3.452904041976708,192.4920265112737,120.9831121624138,0.10345658466948925,2.2141318395334477,0.7937919941595458
1653,4,4,97.27430371356392,48.63715185678196,48.63715185678196,27.492007587119303,2.057684532776064,67.43638808636852,67.06619930016414,0.02989847272138527,1.5363597975863101,0.7403199559804589
1654,7,8,111.19654332064384,51.891720216300456,59.304823104343384,19.22579831122595,1.403041420904367,157.76895188197412,118.45435142003348,0.23090416648128465,2.1907876590479467,0.7723731020837595
1655,6,5,174.8823211836018,95.39035700923733,79.49196417436445,29.15562596374853,0.9883962839101197,192.7482286881642,126.1902189007665,0.316098545503965,2.260352804861596,0.7899441179993576
1656,7,8,114.12428234835824,53.25799842923384,60.86628391912439,18.030437594837043,2.1438028945243146,188.23283551615856,122.70287847607244,0.28207484009444644,2.229666645736978,0.786620660904464
1657,7,7,315.94241172608,157.97120586304,157.97120586304,52.412338205970656,15.06520853616588,404.4032657404847,305.5085943985945,4.3961304640442425,3.080178463371674,0.7733901493658689
1658,6,8,328.5921464136069,140.8252056058315,187.76694080777537,62.17001274215184,6.2439232877695,479.09715062452585,398.4796289634314,8.231044769434316,3.2607918512434435,0.7596239072143675
1659,4,4,236.3578839394253,118.17894196971265,118.17894196971265,70.51306207666892,4.438085344850471,359.42120880820266,232.38039429236068,0.6110861735422431,2.861345725039632,0.7879335089886179
1660,8,7,189.9350151927485,101.29867476946586,88.63634042328263,31.16324029504819,1.2566295393501732,133.09362258124224,99.5339256382345,0.3643833014467881,1.9946592118402067,0.7793107986104907
1661,8,5,81.20362925534637,49.971464157136225,31.232165098210142,15.084312950718637,3.0797202283752814,64.0508163050361,55.516986496866366,0.01359852071201204,1.3183567182007894,0.7579671157581307
1662,8,8,143.45850146771366,71.72925073385683,71.72925073385683,24.158362424889912,1.6562760655636013,151.54391253987183,135.85515919937808,0.373164975196535,2.340092785355796,0.7517717644004017
1663,6,5,210.926415449217,115.05077206320927,95.87564338600772,39.504040020156516,1.8008004793668637,171.4338925540739,159.20966252721806,0.5301174421399993,2.5056124660982952,0.7485365799251625
1664,4,4,198.41769482356244,99.20884741178122,99.20884741178122,33.07342735298255,7.772909580127851,118.36045573515432,99.6173556467854,0.38059679736240304,1.9956173388172416,0.7657610092641253
1665,6,8,120.22533183635932,51.52514221558256,68.70018962077675,16.39241012558777,1.7003919383481554,233.53386679033943,155.73478100032605,0.5456083269486944,2.483106887992299,0.7815471637551129
1666,7,8,241.7624958071564,112.82249804333965,128.93999776381673,41.071769079421586,7.237089505615322,302.64325033811593,207.9487300684271,2.0889975709905197,2.763026786105888,0.7855165342093687
1667,8,5,329.15318142430283,202.55580395341713,126.5973774708857,64.57213580004809,12.994245600329071,356.3774059028509,223.79142907163657,0.9595871212669665,2.828614324421984,0.7935282488247573
1668,8,6,82.87867699080661,47.359243994746635,35.519432996059976,14.66940361008082,1.1371760899976364,118.98158491198264,74.89534337848819,0.0324085681399271,1.6650375381158824,0.7887088863355907
1669,7,8,113.77926544456194,53.096990540795574,60.68227490376637,17.295172836313128,3.5626955113631382,72.24183239653762,66.92392094460651,0.14579408955706696,1.5338900047962567,0.7521714245855157
1670,7,6,100.62760705941788,54.18409610891732,46.44351095050057,19.91255632191879,0.8394646870714817,64.18067420214805,58.72150151206534,0.03798142938237642,1.3826198775638157,0.7529660333170868
1671,8,6,332.3766174777658,189.92949570158046,142.44712177618536,57.20788532605118,5.751106858816148,315.89935449292034,238.53703936298768,1.9887668605358797,2.883704455744388,0.774748581601636
1672,4,4,266.54955432280263,133.27477716140132,133.27477716140132,56.46635408572511,12.804465845649478,188.7463431295531,164.18217333067807,1.0286904370941128,2.536680241983954,0.7605041573282407
1673,7,8,116.75796311818192,54.48704945515156,62.270913663030356,16.668707317198862,4.522003272130465,74.83158324078553,73.86266224464038,0.184431135754141,1.6488395765433026,0.7425087380426982
1674,8,6,345.4790478380122,197.4165987645784,148.06244907343378,63.50756116766266,7.7431419361610985,358.60089937138224,341.53528113478217,2.8012946304071704,3.159735043220151,0.7406743827193591
1675,7,6,301.02569334359504,162.0907579542435,138.93493538935155,54.38029883692646,1.8136097627439256,215.2466737180167,200.2452314573468,1.599274107099851,2.728406671582111,0.7496016454595977
1676,4,4,300.01248244518735,150.00624122259367,150.00624122259367,49.14240207883725,7.909703991936503,196.20896543831088,175.31186448503774,1.5863988441847998,2.6017442652187146,0.7569321876094088
1677,6,7,130.27270944350408,60.12586589700189,70.1468435465022,26.98370855110841,3.5648047609904494,178.3888329942278,129.79872644034097,0.2723458033527954,2.291004997523962,0.77752123414326
1678,8,7,224.38271509969923,119.67078138650625,104.71193371319298,36.94786755156553,9.873575630580456,216.20377168987707,157.17550168831292,0.8773809074127374,2.4925196781964445,0.7807686519376338
1679,7,5,171.3835332095931,99.97372770559598,71.40980550399713,33.31858790882628,4.150671020239495,184.6504263564946,126.82617914757776,0.19692546167544486,2.2658344845141443,0.7842377444246289
1680,7,8,282.3302102083703,131.75409809723948,150.57611211113084,41.3215249357244,6.783338134096542,365.76323490045536,319.2756170265301,5.186051085673197,3.1122961073789934,0.753803236205604
1681,7,6,291.5364561991753,156.98116872263284,134.55528747654245,54.64209005993879,3.773196195663283,278.3056998332099,189.4485203813989,1.352867292093703,2.676490987753628,0.7877245823363435
1682,6,8,96.4063769435889,41.31701869010953,55.08935825347937,17.652590320324695,1.5065000255720764,189.1055531150444,126.29963523790563,0.2175669516201258,2.2612983894066527,0.781177911876545
1683,8,6,127.41239547531217,72.80708312874981,54.60531234656236,26.690609516820167,1.50602471809847,168.49700443216477,115.27085944449712,0.08337818585291484,2.1605170596178627,0.7808978323690685
1684,8,6,335.0192958887693,191.43959765072532,143.579698238044,66.99502678936,5.120956847686628,337.86857888405325,307.1193872646283,1.915754301614433,3.084055895448155,0.748166865327448
1685,8,6,309.2594758789009,176.71970050222907,132.5397753766718,58.12318437748857,8.025956646662868,324.66140622937627,259.35713118189904,1.61316574962517,2.9532150884211568,0.7663066934649968
1686,7,8,334.2532514962949,155.98485069827095,178.26840079802395,53.476995003070414,3.792157368004213,390.991571935909,373.2659139995847,7.753550215655362,3.2192134421348757,0.7415239014871053
1687,8,6,277.5985608901579,158.62774908009024,118.97081181006767,51.80218411437663,5.648909944457996,393.33148692158505,250.65331586610745,1.2657201832905594,2.925237413692104,0.7879800058085844
1688,6,8,305.7481827467344,131.03493546288618,174.71324728384823,47.678457850210044,10.589048036664206,563.6019453455997,403.12114644649074,9.025727916315363,3.2679679562360247,0.7751759665427393
1689,6,8,176.66439542333137,75.71331232428487,100.9510830990465,26.822505191816923,3.527877924548593,237.26816262419368,198.12792805514343,1.4361541093460473,2.718549206987957,0.7605278699684822
1690,6,8,109.78991791467274,47.05282196343118,62.737095951241564,17.149435477936247,2.4428157080778714,161.4284532609042,109.12350313990322,0.28323427745483143,2.0991019938716997,0.7858649535846571
1691,6,5,180.34181327192704,98.36826178468746,81.97355148723956,39.347349485737816,9.701377837479065,205.5507706962984,149.2592136121975,0.30553394958189134,2.439306040708584,0.7788927676494448
1692,7,8,124.2967767679382,58.00516249170449,66.2916142762337,19.831766759437173,4.7188268410800935,115.54214864307424,89.94905611634962,0.23728579299041697,1.8781327505558956,0.7736803592297323
1693,7,7,285.5094305499404,142.7547152749702,142.7547152749702,51.06889571816384,10.150302255830823,232.4858383766169,175.22481406912314,1.7801408419005227,2.6012578276776566,0.7781918326183292
1694,8,7,180.7733774581336,96.41246797767126,84.36090948046235,31.654078492484068,5.90376239558821,193.8309231349388,156.29456624284143,0.5082855118269246,2.486778112925805,0.7661467840647103
1695,8,7,107.33746259157348,57.24664671550586,50.09081587606762,17.392827436751098,1.974474052211512,70.99544574937788,57.752648660287015,0.062493682423564983,1.3635177638101426,0.7692459926879596
1696,5,4,198.6037606465949,110.3354225814416,88.26833806515329,33.97058746504662,3.937197176245656,195.05384546183544,140.46038946002835,0.38744192664179494,2.375571487282905,0.7806463274246567
1697,4,4,191.3908101650625,95.69540508253125,95.69540508253125,57.33022314196982,3.4911655555763734,239.049980010485,177.85030700597443,0.2972197111740086,2.61578178747582,0.7748321507971496
1698,7,8,209.79332481272007,97.90355157926936,111.88977323345071,34.36247956547229,6.0158663918918025,165.85941730402752,165.59206486995163,1.2868088658436054,2.545255429811506,0.7392911880885416
1699,4,4,107.46412249836573,53.73206124918286,53.73206124918286,22.533267141834603,2.214057230528209,85.80256863959464,72.4891206224915,0.06247661750039961,1.6269436110081033,0.7633972926042881
1700,8,6,348.5752292320629,199.18584527546452,149.38938395659838,63.360386518368735,4.029634293134645,313.5518412086756,272.72317587735,2.271662958072255,2.993452193352068,0.7563281866282043
1701,7,5,134.40160191737664,78.40093445180304,56.0006674655736,30.77243412589656,2.794005988140557,111.03901108516544,81.80582023419302,0.04696960894393446,1.767939994336517,0.7791599396498986
1702,7,8,310.3888577733567,144.84813362756643,165.54072414579022,45.97052802860297,2.4872335039378983,415.745752587691,262.5477895312701,4.94908812183404,2.963109785177319,0.7933882894759976
1703,6,7,84.61412430135621,39.0526727544721,45.561451546884115,17.1739885047097,1.767471911736001,73.57582372064321,58.02361862496008,0.04601782814014455,1.3688882950420114,0.7723880845733857
1704,7,8,261.5186553985422,122.04203918598635,139.47661621255583,49.74328404676487,2.766394932772589,314.90027408103776,292.24223255787933,2.916731950471671,3.0469505711197358,0.7454387153634121
1705,7,8,136.76667724104982,63.82444937915658,72.94222786189324,24.23389207676762,0.8531378171215389,206.47419590771187,139.36195110135714,0.4025790635059593,2.3672475539536917,0.7839405945776122
1706,4,4,139.30004175512465,69.65002087756233,69.65002087756233,41.63662478035,4.079979686863147,103.73062436443864,99.95902117443735,0.08580733374271748,1.9995315608730828,0.7448834855387391
1707,7,8,128.7493123640747,60.0830124365682,68.66629992750651,23.6293282254923,2.201912128667878,150.93572542443,105.56222126026692,0.25048890889636466,2.061610022533445,0.7840009641831943
1708,4,4,101.23650304747645,50.61825152373822,50.61825152373822,33.14697137028508,3.7129593344276857,112.62794178850172,89.46977813599847,0.02802990582946524,1.8719494610700556,0.7686026056635868
1709,4,4,295.7872023084441,147.89360115422204,147.89360115422204,55.67289743151132,1.744159232342708,265.8805286336316,187.6844514631416,1.4473835720401558,2.6676029051186148,0.7847694521621366
1710,7,5,181.39956210108969,105.81641122563565,75.58315087545404,34.563452726079795,1.1676603008933057,111.21959269407796,106.2875273658364,0.18061838805483113,2.069365250408521,0.7459454892962176
1711,8,7,188.59124145783875,100.58199544418066,88.00924601365809,33.83106860713075,4.944421739119844,239.12081032498355,156.38873852923604,0.5275010074868673,2.487393975071188,0.7889905632589513
1712,6,6,166.076533030206,83.038266515103,83.038266515103,29.88157263394212,2.825119804753192,102.19793540753072,86.0951076224032,0.253230119237049,1.8273703952550941,0.7653172663150805
1713,5,4,275.591848373233,153.1065824295739,122.48526594365912,64.3701612269943,3.4828380873830778,306.51119966375063,197.1536500554081,0.7352572667028989,2.71396176414043,0.791651703437846
1714,7,5,300.7445049159303,175.43429453429266,125.31021038163762,59.09431976652369,2.264899243328164,333.11269022697246,268.3027661337203,1.284136358619828,2.980491756761229,0.7629916006002998
1715,8,8,164.7443123458994,82.3721561729497,82.3721561729497,30.06376992747209,1.6201358864815587,152.190479559856,130.10991561263643,0.4099368981392105,2.2935978548155718,0.7602377338768764
1716,8,5,207.28267181577863,127.55856727124839,79.72410454453023,38.58529695457106,10.219348207822922,223.04115107394097,201.86981823067936,0.39487994049880565,2.735867989379794,0.7471585581307223
1717,5,4,329.3650428214374,182.98057934524297,146.38446347619438,68.6309030446146,2.474652578253695,396.7669938131429,249.24568299314228,1.5755654103692869,2.920571596299704,0.792812425342521
1718,8,7,286.3131510402668,152.70034722147562,133.61280381879118,57.40440902854497,1.6465529734869466,283.5219386346424,258.1662783651719,1.5977036289870337,2.9494735129934813,0.7492186707943309
1719,8,6,118.08405270345293,67.47660154483025,50.60745115862268,20.72774454227669,2.109517047895013,134.89251995158443,91.74190012045344,0.0852961458528949,1.900947513809295,0.7846490819953181
1720,7,4,345.33710508325106,219.75997596206886,125.57712912118221,69.84275550703158,17.983107039027686,305.423080896665,207.87845446337627,0.8177767507354182,2.76271948436669,0.7871252388804738
1721,4,4,287.99854155509354,143.99927077754677,143.99927077754677,93.7683660367378,7.452606523866234,337.3647968486817,257.13065125441744,0.7282921588505546,2.946197833057286,0.7729768743917896
1722,7,8,173.90581798719808,81.15604839402576,92.7497695931723,25.642772406016725,5.420574924490816,206.5478325932544,135.83728269340915,0.7931829685406465,2.339952044871706,0.7910578472986421
1723,8,7,84.2903647562921,44.95486120335579,39.335503552936316,14.813096768805368,2.634646757180296,116.464912036509,76.64914366019475,0.04893821617513738,1.6920410392540262,0.7869877810685421
1724,4,4,245.7251854841909,122.86259274209544,122.86259274209544,54.86194024177652,11.040106240839776,214.3302434447344,163.5849017655217,0.8189599041610569,2.533016978819659,0.7762818099610376
1725,8,8,338.2578059911471,169.12890299557355,169.12890299557355,60.64742345966316,2.384168397544533,288.6412485159308,195.4232252319793,2.773579297975928,2.705732469170292,0.789901241864797
1726,7,7,272.1981828353549,136.09909141767744,136.09909141767744,41.878092208702014,6.880892620280296,253.77204282187924,201.62640881933123,2.219123144204511,2.7347556529622956,0.7703136601743544
1727,7,8,130.7500192165633,61.0166756343962,69.73334358216708,20.402514784553315,2.158178879090519,167.13290273250163,146.2631506385677,0.45369701811288254,2.418173116536141,0.7534268904187476
1728,6,5,232.45443374722112,126.79332749848423,105.66110624873687,57.483215442461066,5.923205302676741,241.1677086978107,179.44754937067106,0.4195622478598023,2.624470933732079,0.7763989826140163
1729,8,8,140.57520843069886,70.28760421534943,70.28760421534943,21.10972227206592,3.374099750533932,100.351012203699,87.49717178773108,0.2542351127602611,1.8461163591376069,0.759858173194303
1730,7,8,312.55490835117735,145.85895723054944,166.6959511206279,53.56737709714509,2.8748289522768773,477.8656542580752,316.80308766732395,5.281066771007704,3.106694125143849,0.7858687469384787
1731,7,5,221.6607933053804,129.30212942813856,92.35866387724184,42.69116185634155,4.4473618944916495,263.7030192346152,174.10701454656916,0.4698458185852505,2.5949813551534113,0.7869626488433377
1732,8,4,303.06170339716874,202.0411355981125,101.02056779905625,70.1869670367605,4.815975664173839,331.1324975348796,228.4112747094273,0.20720651447196534,2.846450250290831,0.7789582919800188
1733,4,4,295.018727190685,147.5093635953425,147.5093635953425,99.74674404860525,4.3798760245900175,237.6389970731016,183.29527488653883,0.42106046764547517,2.644961661982612,0.7751419438686851
1734,7,4,99.91560728536244,63.58265918159429,36.33294810376816,23.76121986066313,1.4329339172890283,123.95385990019248,90.62936958913674,0.014319671565047822,1.8868482028989397,0.7704249525827314
1735,6,8,187.0709264024704,80.17325417248732,106.89767222998309,30.79768903304137,6.367379074517067,197.78801607248724,159.1443752949952,1.207196119384339,2.5051957811967944,0.7688199927215329
1736,8,6,325.97755927701724,186.27289101543843,139.7046682615788,58.343897712352046,2.510964654920601,381.6234977418268,285.749880713325,2.132906692450698,3.0297987089893668,0.772105360835374
1737,8,8,328.2378825976472,164.1189412988236,164.1189412988236,52.453149539640194,5.545025199173034,403.1325824949344,320.4434116314594,5.258489618827624,3.114917609687759,0.76651030546351
1738,8,8,197.7727969591337,98.88639847956685,98.88639847956685,31.324628638595946,2.6167810336526522,196.3130896650238,158.283237098375,0.9103865438966476,2.4996778836174767,0.767485613301689
1739,6,5,207.8750514452928,113.38639169743243,94.48865974786035,36.47138897264646,2.2194491943377836,246.9445534039911,161.29413897368102,0.5642921294535092,2.5187952544223555,0.7892528909164306
1740,7,6,160.88494947940757,86.63035741198868,74.25459206741888,31.17080761312346,5.824318317550719,244.47722052433053,155.61716232333424,0.32399003752389566,2.4823332466935555,0.7888359610922894
1741,8,4,155.88073088187718,103.92048725458478,51.96024362729239,35.30132006829676,3.6916679602795983,171.70898487500634,114.29122136349756,0.031225358388296938,2.1509971911064385,0.7835204155024019
1742,6,5,168.87891828903653,92.11577361220175,76.76314467683478,36.98712149157996,4.872535914081303,216.5245357732641,135.91701032648749,0.23122350712589795,2.3405795508943545,0.7929725737200182
1743,8,7,147.20908266526737,78.51151075480927,68.6975719104581,24.65177604079653,4.812266720036931,130.29939254617597,97.35638459964348,0.21388256727605545,1.9693238471380428,0.778053188090885
1744,8,8,157.80557273160036,78.90278636580018,78.90278636580018,26.13460550713559,1.7703714487180984,122.6933183911978,80.91293416227829,0.256331604136911,1.7551573775418097,0.7934187470336047
1745,8,6,255.87734552009704,146.21562601148403,109.66171950861302,46.69997004699227,3.622683855226227,288.529670106011,183.02795205710967,0.7989943676902156,2.6435578114322515,0.7924817145488652
1746,7,5,154.5499415763956,90.15413258623077,64.39580899016484,31.27749968256782,1.0841461845509892,92.67616298860892,89.21089716943439,0.09570752302012692,1.8685945571634837,0.7450050341283261
1747,8,6,82.03790742365379,46.87880424208788,35.15910318156591,15.657763245109006,0.9993694102816622,103.38833921540234,77.11060759550395,0.028259435222412227,1.6990427851637535,0.771283974577328
1748,7,7,102.29615166367154,51.148075831835776,51.148075831835776,16.016249316925066,3.9994693624714683,84.26646752852928,71.27126967086252,0.09763654395565138,1.6071856025618367,0.763272233317777
1749,4,4,283.54893995112263,141.77446997556132,141.77446997556132,87.82284219418875,11.872388823851084,250.5991673683397,223.429881065717,0.7776712984220588,2.82719518987133,0.7553089376982361
1750,4,4,147.11374115683378,73.55687057841689,73.55687057841689,51.01114995733987,2.7275046095728466,114.26128401071747,80.73538132081268,0.034961258138841635,1.7525980478449854,0.78589965300789
1751,7,8,192.44077354227213,89.805694319727,102.63507922254513,34.60540225273594,3.646277483099386,173.23883530134376,149.9258402096495,0.853669759089761,2.4439315657384184,0.7595588373637652
1752,8,5,243.91162860326176,150.09946375585338,93.81216484740837,52.36163080131045,4.798536653762981,191.34663869922872,137.63070200507434,0.22346868998081149,2.3539536073598284,0.7817514712352771
1753,6,4,122.76874854001352,73.66124912400811,49.10749941600541,33.6990137430301,3.2847681175030683,76.43194010286541,62.37092387469481,0.012667763308169887,1.4521537008860887,0.7684082740796292
1754,7,8,234.064459934898,109.2300813029524,124.8343786319456,35.625098737686656,9.009401889312253,247.29992382877057,235.51927552706,2.5446334926400302,2.8728558012834235,0.744069069533554
1755,6,5,121.64949461883728,66.35426979209306,55.29522482674422,23.971468574168608,0.9782472040885976,140.06752196312766,114.63751968526606,0.11467252530459723,2.154373667294947,0.7617188848362807
1756,8,6,205.5170496833632,117.43831410477898,88.07873557858423,35.345221479322845,9.77270488712952,136.92256370853278,130.12157451058337,0.4128047009279429,2.293694844946983,0.74706550066889
1757,4,4,323.3065927568306,161.6532963784153,161.6532963784153,54.48262282109596,15.3479436929634,306.32245675649165,226.5677263436297,2.520924240756255,2.8393983525903472,0.7794913801580404
1758,4,4,105.25893819503013,52.62946909751506,52.62946909751506,30.35323560048916,3.890648269056141,134.13775253853626,90.39208675808314,0.04911301469660513,1.883816530400633,0.7868486088259175
1759,4,4,176.28873284086114,88.14436642043057,88.14436642043057,41.94806320218222,2.918614803546182,191.3188822792368,167.27908048200663,0.37396834569172405,2.555384974618172,0.7551833362687879
1760,4,4,306.8481469109006,153.4240734554503,153.4240734554503,102.33896051549571,13.415657580327435,182.252188139078,166.84333759773452,0.47033231557331373,2.5527821296356494,0.754043870619758
1761,7,4,183.45751175580648,116.74568929914957,66.7118224566569,41.298364634260984,9.204734169208132,149.28730038140856,108.99641246481286,0.08232373562151361,2.0977889986472795,0.7798286668896185
1762,7,7,340.9535368572103,170.47676842860514,170.47676842860514,57.59800193583205,12.385952068522784,312.1494352273656,263.8031806800106,4.24283532157787,2.9669518470944802,0.762437181115367
1763,7,4,109.21284262774728,69.49908167220282,39.713760955544466,25.20030673115316,2.6577000778749045,102.1027012761747,71.49247236939493,0.01526627626472715,1.6107987370337968,0.7822012377850149
1764,8,7,172.88106357061582,92.20323390432844,80.67782966628738,30.39323920792171,1.731328005342326,190.4019666507521,126.70574524016004,0.3594112812237027,2.2647990537737335,0.7886258891127326
1765,8,7,133.73093517485557,71.32316542658964,62.40776974826593,22.688806153767512,1.0244723928671249,106.75023713475338,72.64323718313402,0.11936030546324697,1.6294207125391984,0.7893399608614654
1766,8,5,95.22173860897055,58.59799299013572,36.62374561883483,19.020898686192243,3.175283875770127,135.48585722472848,86.322728849053,0.026413067832831576,1.8304359063533497,0.7861736488664328
1767,7,8,247.1592152669841,115.34096712459258,131.81824814239152,41.21054476725896,4.025912086104855,270.4579826710122,187.93704670125072,1.9815940551428817,2.6688828965297153,0.7854991090286932
1768,7,8,254.81243022943443,118.91246744040272,135.8999627890317,48.2294557045633,3.206457355569259,260.0388330612516,226.4709619987878,2.1383393732957496,2.8390258296206747,0.7572711967245502
1769,7,6,193.59047405315465,104.2410244901602,89.34944956299447,31.47948219612074,1.906722409753308,157.05966907875273,141.92986819053698,0.5214185717164522,2.386575334602689,0.7528231018697881
1770,8,8,276.710627618791,138.3553138093955,138.3553138093955,44.459635298173374,7.100711417024884,290.24253752629096,220.28092481933209,2.5231679753454967,2.8146880797865705,0.7749162666026408
1771,4,4,189.05384112340823,94.52692056170412,94.52692056170412,29.56803136509346,5.539303969237057,143.06868973153885,97.83223016904168,0.34016641448719326,1.9749147502310411,0.7898411235391789
1772,7,8,169.63983702497228,79.16525727832041,90.47457974665188,24.91139879383315,6.84414821197766,145.52451689971969,99.81045703039348,0.5418885084741212,1.9978314458662674,0.7892552403463821
1773,6,8,198.6154564280702,85.12090989774437,113.49454653032582,35.053923779972926,6.438891357826839,278.0300842308327,215.48486914515104,1.7463452779927666,2.795117965937462,0.7702347980019096
1774,6,8,322.2759211413678,138.11825191772905,184.15766922363875,48.135113652168904,10.619373887491493,429.50015968029305,353.6709286234439,9.044066916939602,3.183522892200957,0.7629187947189654
1775,6,7,85.46822033893753,39.446870925663475,46.02134941327405,14.161052514284775,2.1890267865267274,122.01212142384762,89.22063096501493,0.10269603563603258,1.8687208912590105,0.776168651167458
1776,4,4,174.054010742372,87.027005371186,87.027005371186,54.397041736000766,6.463392467380897,240.7900107531356,153.94033290759768,0.1882154430207436,2.4712173885880433,0.7914673096282347
1777,8,4,305.5948708296089,203.72991388640594,101.86495694320297,63.095711935028085,7.690374488713352,222.4941852044762,182.76767656072167,0.32179666569850973,2.6421881724276184,0.7643941386966813
1778,6,5,320.60930961592044,174.8778052450475,145.73150437087293,52.64197632470313,2.6197797768282767,249.9974485938043,218.10989993471668,1.959137496306207,2.805908636733341,0.7581127012828304
1779,7,6,251.7046089158525,135.5332509546898,116.17135796116268,47.68172216478034,8.53653549344288,183.669867115872,137.390206751127,0.7194933610096922,2.3520897439017974,0.7793151786274304
1780,8,8,239.31388069930733,119.65694034965367,119.65694034965367,38.816089343351955,7.881855463374094,237.2572188458485,223.12415793596165,1.898592564759792,2.82599249110439,0.7459387793762481
1781,4,4,212.06153055267063,106.03076527633532,106.03076527633532,59.061716371926174,10.040849639539667,187.4811883242076,182.4062898147441,0.4836824756444217,2.6402818662593845,0.7422032959732603
1782,7,8,264.68216571701123,123.51834400127191,141.16382171573932,37.24053429304865,1.9296370327997607,310.7624828412245,267.36113468690667,3.809505824104116,2.9776876971736908,0.7570132658960682
1783,8,8,294.2271826604773,147.11359133023865,147.11359133023865,47.43485501724224,3.671246769655228,186.84020941439496,178.23535179329377,2.239377312307614,2.617886493645282,0.7472684778450847
1784,6,8,314.8504160754593,134.93589260376828,179.914523471691,43.653742479817765,9.99153157670828,481.3214906686652,410.665847588256,10.579777254113687,3.279339896478108,0.7554858951346565
1785,4,4,218.1180137426926,109.0590068713463,109.0590068713463,63.81971823142105,10.794685746329778,134.08167063300053,132.40875985212995,0.3194491276862475,2.3125110036358683,0.742440657903759
1786,7,6,170.05649610721338,91.56888251926874,78.48761358794464,28.267534172015512,4.654850733880149,185.20003844902453,129.53659309908753,0.36714517684193493,2.288814755849371,0.7834320031162713
1787,6,6,208.77931906621467,104.38965953310735,104.38965953310735,32.181108196297096,7.231533092413532,208.49460411506965,134.97151228401395,0.7928853872724984,2.333107209674334,0.7939143258528459
1788,8,5,195.4077808718211,120.25094207496683,75.15683879685427,43.94030019604178,1.3566299674281406,197.9078629021311,188.46770679357607,0.15895992994336672,2.671563948919854,0.738233662142795
1789,8,4,262.16949917435016,174.77966611623344,87.38983305811672,54.82899024387706,11.274584485079508,169.38762617820592,154.1454786714526,0.19540561153323596,2.472586053064447,0.7518149680868268
1790,7,8,313.3032737293847,146.2081944070462,167.09507932233853,55.22064088922578,8.581813142224867,361.08268410403,322.1697806826493,5.27820345004373,3.1187647776262706,0.7525401507512866
1791,7,6,224.5045892971428,120.88708654461536,103.61750275252744,44.60167807874761,6.471249894545609,354.2548458060911,221.79710925907744,0.870807867494773,2.820743231382078,0.7895056760540996
1792,8,5,236.3756880748415,145.46196189221016,90.91372618263134,48.50471330947551,1.5919431518078333,158.87919097095062,133.45165995892938,0.23526994509829652,2.3209536442695664,0.7632193923595341
1793,8,8,164.48871853581926,82.24435926790963,82.24435926790963,26.702380013459994,2.564289605167077,166.3610706169612,145.09114778700445,0.5565818428731423,2.4097497626814315,0.756482427845064
1794,8,8,89.2638210605842,44.6319105302921,44.6319105302921,15.680121657601338,1.4613480488323527,80.07062814834879,68.58147253769066,0.061647882739264345,1.5623595871109086,0.7604120112563424
1795,6,5,148.94412908521383,81.24225222829845,67.70187685691538,34.659491501980774,3.371570621019337,106.29701235151576,103.62837979564203,0.11359632416284514,2.0406248973404235,0.742585432431963
1796,7,6,339.7948314347144,182.96644769561544,156.82838373909897,55.31227072244235,6.400708710383105,432.9984163054723,324.1145613102749,3.932064666271012,3.123058805845205,0.7723708302194794
1797,8,8,306.2227760624153,153.11138803120764,153.11138803120764,46.04327930856907,13.018090782280682,242.8103074467602,159.04617636679345,2.3955449803274056,2.5045686050795144,0.7943622727557083
1798,8,5,201.28685759999823,123.86883544615276,77.41802215384547,40.16973604069998,1.506425401874295,227.3699562156279,182.08146827118213,0.2605728947993695,2.6385638671131173,0.7616161161900767
1799,8,7,283.7723079534237,151.34523090849265,132.42707704493105,50.21568304492497,4.56320034495909,345.40328809245415,217.9604645976856,1.733479127862937,2.805299546201072,0.7931945695056316
1800,8,6,90.7851748105898,51.87724274890845,38.907932061681336,16.868981439034076,0.6720243182780496,107.49237492070094,70.78857760201319,0.03286255106221266,1.5992632224215704,0.7873063274889025
1801,8,8,165.99721767138936,82.99860883569468,82.99860883569468,25.37369957085938,2.5253388314446297,160.09770908285424,154.4922755163313,0.652044449662987,2.4748942019397377,0.7418357484406803
1802,8,6,295.19783717642565,168.68447838652895,126.51335878989671,51.45291255531731,10.30549953581532,165.98286796547262,158.64132446486846,1.0189978006982476,2.5019773329840556,0.7470952689346391
1803,6,6,293.37248683418755,146.68624341709378,146.68624341709378,50.39740638501075,3.982240734771366,351.9899634509093,256.55952398375814,2.732164176084992,2.9443826080014976,0.7778492855547842
1804,8,6,246.0224710974061,140.58426919851777,105.43820189888834,44.78703932767608,4.58336639489288,183.3452834592821,137.33332551998075,0.5467475106390811,2.3516482909929994,0.7782727913977768
1805,8,8,258.93710759796886,129.46855379898443,129.46855379898443,39.09140925376671,9.303467467232924,240.99651583284563,173.5103202759894,1.862895432840646,2.5916077867056044,0.7826670437473853
1806,4,4,283.76747031689945,141.88373515844972,141.88373515844972,82.24920660031617,11.868108513288169,288.4967631488485,188.7381901433109,0.8042441358090112,2.6729263600018798,0.7927520199252468
1807,4,4,190.4517257423097,95.22586287115485,95.22586287115485,64.79293868091766,4.134298405613597,219.08198589245688,168.3975156409718,0.15552303075148985,2.56202312057994,0.7720419911756504
1808,8,8,223.72860903899343,111.86430451949671,111.86430451949671,38.24998506700331,5.152449692463403,272.30705162581427,217.75954822028223,1.487007392465442,2.8044796416455466,0.766047426371983
1809,7,8,167.89974667642605,78.35321511566549,89.54653156076056,24.443214649317564,2.7712422294400283,110.9263425156498,97.29672986536042,0.5040091056917454,1.9686207609772746,0.7597241229123837
1810,8,8,136.62698279701488,68.31349139850744,68.31349139850744,24.395144930341992,0.8538499006720233,86.33375286329516,85.07407745266713,0.1807615257679446,1.8135123089902379,0.7421875731470102
1811,8,4,112.18240555843346,74.78827037228898,37.39413518614449,23.75737927825587,1.6191423271890324,107.13568122001254,67.03653093913523,0.012171244767791531,1.5358451964024649,0.7927352098993766
1812,4,4,232.128575161083,116.0642875805415,116.0642875805415,68.37447664393828,6.700900520103838,187.4403830691044,172.67503637200224,0.45557753115649974,2.586857984854364,0.7510829594117256
1813,4,4,286.5683961664251,143.28419808321254,143.28419808321254,72.79515896325518,10.222276301245383,356.4039440234396,251.33160055482176,1.4492251746103986,2.927471322406603,0.781908794935282
1814,8,8,124.26392090791478,62.13196045395739,62.13196045395739,18.82841617338832,5.440237773955528,88.6322151044806,70.42653120059023,0.15469982176627253,1.5932864717976616,0.772494931602526
1815,7,4,107.848411219475,68.6308071396659,39.21760407980909,23.18697685082395,2.612207591840565,103.40101357010172,95.3825245145735,0.026873150297561144,1.945798719691684,0.7442909930867336
1816,7,8,192.29465784446728,89.73750699408473,102.55715085038256,30.247572562415137,7.907101005431554,225.00484156361372,153.47361929550038,1.0526441322812,2.4680944737548836,0.7873680817046073
1817,4,4,87.4710397455768,43.7355198727884,43.7355198727884,13.45056214825967,3.56231375025921,82.6518571785491,58.54567214505698,0.04081398823420817,1.3791737734500984,0.7845110159150418
1818,4,4,288.66293479830983,144.33146739915492,144.33146739915492,68.73334621840463,3.2771259237187804,242.74814130220608,182.6697936083668,1.0872506631171532,2.6416723702896814,0.7778146349290602
1819,4,4,91.96118042992636,45.98059021496318,45.98059021496318,19.953155701424464,3.5262047726300585,74.53828251573678,60.40787946614967,0.03692572709548987,1.4152168885600507,0.769094463479217
1820,7,8,180.5859897088205,84.27346186411623,96.31252784470426,28.414959543630097,2.183528641369504,208.3694544136951,137.92668775668406,0.8006803594245235,2.3562417483338094,0.7902884151227544
1821,7,8,116.75286417522577,54.484669948438686,62.268194226787074,20.314972060336743,3.713880576906111,138.2779633069575,110.88548574432916,0.23779578728832063,2.117120341060962,0.7672155541114934
1822,4,4,177.2644464270417,88.63222321352085,88.63222321352085,34.85829835887577,8.33618858493146,210.1929646505668,167.6172565689663,0.49535780174773525,2.5573985752307395,0.7674929008114956
1823,4,4,233.7824295326003,116.89121476630015,116.89121476630015,41.51591613078124,9.544306640462963,206.7251398322245,184.1732337500411,1.0085107430629479,2.6495519042002758,0.7553958065204093
1824,4,4,205.9602962395212,102.9801481197606,102.9801481197606,39.34314410286159,2.6277275939946425,239.78991068804152,191.62354650748443,0.7236157874721816,2.6872877336429286,0.7665279324074159
1825,7,8,240.86109572588825,112.40184467208118,128.45925105380707,34.29537348370091,10.335029282666673,177.02245905816594,146.5039867553824,1.7261398761678084,2.419893000000393,0.7673494205651712
1826,8,7,218.68697235819965,116.63305192437315,102.0539204338265,35.51721787279568,1.3753041972494784,257.9799725329094,201.8166547784369,1.0640521606975504,2.7356252091112854,0.7677888536707209
1827,8,8,126.3996110755928,63.1998055377964,63.1998055377964,20.83467583893597,1.3712488349475953,151.44344593891134,103.32408746825178,0.21966917546196235,2.03728141851665,0.7856076418122616
1828,7,5,128.05782708791006,74.7003991346142,53.357427953295854,26.452768150555084,3.4724985846857988,133.78963424077116,123.8858468400186,0.09461901620359259,2.240196547110083,0.7446735249470806
1829,6,5,308.4114801840468,168.22444373675282,140.18703644729402,74.08829601041701,4.219816810114841,244.4201197206565,191.3310398472553,0.8596810305436808,2.685846005029193,0.7726553948642193
1830,7,8,299.6030820751621,139.81477163507563,159.78831044008646,55.87002346183192,5.1177911560725455,315.5345301025861,201.1241452845904,2.6786679918293608,2.732454202296331,0.7953364790067827
1831,8,7,238.522829778521,127.21217588187785,111.31065389664312,39.19475329202593,5.660174127346119,298.1170136123334,233.5870445368697,1.4894463712174437,2.865798139629345,0.7671816241205669
1832,7,5,330.8827990573387,193.0149661167809,137.86783294055778,60.74259865767496,12.441917677686193,257.16226368005573,189.89101620638127,1.2910482388956792,2.6787018864871253,0.77978782310796
1833,7,8,228.03961145821089,106.41848534716509,121.62112611104581,34.85560606797681,3.1875820069547904,305.21268287571843,194.0287331943372,1.9032735123455415,2.699023721948794,0.7928452145701144
1834,8,8,103.26634707166632,51.63317353583316,51.63317353583316,16.428106204464992,3.3374782518328736,125.80341287517656,88.46008611542399,0.13080264150459034,1.8588045050162605,0.7824490994326958
1835,4,4,207.34728503484823,103.67364251742411,103.67364251742411,59.34646352932785,2.4465800485979723,236.5711070208916,169.73521462353722,0.3714640242173775,2.5698829629467683,0.7804149814635544
1836,6,5,201.23867864540995,109.76655198840544,91.47212665700452,51.97765649932838,3.7216451200055785,135.864036102257,101.56146415160654,0.1390146221947882,2.0176874853084117,0.7795881641125428
1837,8,8,111.55247735701708,55.77623867850854,55.77623867850854,19.891829106581056,0.8943770818953315,83.91027286883114,76.94862360363292,0.10735728749856982,1.6965898624195772,0.752006854733486
1838,8,7,275.7924452895628,147.0893041544335,128.70314113512933,52.67717973753115,2.0859478549913293,349.6429223691165,272.9931003868792,1.774412591141491,2.9942329327481225,0.7667163193731321
1839,6,4,319.9118696000819,191.94712176004913,127.96474784003276,77.71562693373848,18.346325455470048,303.3785861236166,190.10485535308743,0.6002191684638126,2.6797676733085756,0.7963484688905056
1840,6,5,192.76994426481207,105.14724232626114,87.62270193855093,35.30932187465218,9.717062836427797,202.9820167336596,153.3945805050588,0.47719899761981205,2.4675643387595723,0.7749272552777011
1841,8,6,94.44435052985416,53.96820030277381,40.47615022708036,16.687651130051933,4.154745835210035,127.69824526712544,80.20928824238968,0.047647854567436386,1.7449803168132152,0.79158754038574
1842,8,6,240.8404094004833,137.62309108599047,103.21731831449286,42.55286981800022,7.9786050609398735,206.51251409762165,160.98241175896194,0.6713355207178244,2.516838617797083,0.7723148701063554
1843,7,6,115.68087204478728,62.28970033180853,53.39117171297874,24.60285506312676,2.5711148536753696,77.5684063195705,71.31686583989735,0.054974110234637746,1.60793126622206,0.752107653727383
1844,6,6,213.1291793797133,106.56458968985665,106.56458968985665,41.59151902937315,1.4897577739727776,281.7157798332393,194.0916010130628,0.9143613514539145,2.6993276687851386,0.7828311243341446
1845,8,8,289.3556541407753,144.67782707038765,144.67782707038765,53.226246014052386,2.134884183445038,344.4957136144078,235.410421986812,2.358240745737167,2.8724605386642916,0.7854188504171591
1846,8,7,112.46625032096824,59.98200017118306,52.48425014978518,19.95953747645923,1.8420761678127209,72.29463249412709,60.35980155633335,0.06312478225348532,1.4142988097220375,0.7659428180169314
1847,4,4,120.36740391759544,60.18370195879772,60.18370195879772,22.72929586627348,4.209229050544759,160.07289202499825,104.3737654620744,0.1353986612534714,2.0487670585585067,0.789853166780636
1848,7,5,317.95547248340114,185.47402561531734,132.4814468680838,69.75481668835454,6.782511557697022,303.54775086506345,194.0955185063092,0.7994576319704724,2.699346603976261,0.7936876658930373
1849,8,5,332.4657132222332,204.5942850598358,127.8714281623974,61.51620591044494,10.108843630004586,412.9446536256815,314.2519548167068,1.5919502519823712,3.100839454576896,0.767594360547747
1850,7,4,281.79097461316815,179.3215292992888,102.46944531387932,66.75187259747469,10.045527797436389,208.2555152423252,204.92480763701263,0.3006161425195043,2.7496642296389258,0.7388655352865621
1851,8,8,217.45671425563424,108.72835712781712,108.72835712781712,33.706590346588776,8.745335641665637,143.20852107804257,124.32420206131206,0.8875398047245129,2.244066719542968,0.7610908336105173
1852,6,6,201.3443388073552,100.67216940367761,100.67216940367761,30.451181077698948,7.660462589652256,172.2869156050521,170.12025125425333,0.9687862513407193,2.5721294009406064,0.7400044737408517
1853,4,4,161.56052548420652,80.78026274210326,80.78026274210326,40.93055406667485,4.089429054747196,200.0006614216056,128.39119251965897,0.21928097402835547,2.2791781902445436,0.7923030349205469
1854,8,7,293.492996929886,156.52959836260587,136.9633985672801,52.250452731718696,4.718233117447584,223.6368651146545,192.1961482170236,1.6047434781133403,2.6901008778175917,0.760809269104018
1855,6,6,272.36653715769046,136.18326857884523,136.18326857884523,46.0562329682745,4.119576095576055,252.0282818431739,176.47726850896228,1.610768020323867,2.6082241067942635,0.7856016582359993
1856,7,8,226.06270837463464,105.4959305748295,120.56677779980514,37.000421467859184,1.8403197780988527,379.8844344334528,249.574974457776,2.267254439541482,2.921666710180913,0.7849004190039386
1857,8,7,98.46373496761026,52.51399198272547,45.94974298488479,17.81898991119432,2.464805658404519,96.02227398919452,73.50115954217367,0.05990508961681916,1.6431160465073573,0.773913877697334
1858,6,4,271.4351826931152,162.86110961586914,108.57407307724608,75.98424679073602,5.913470747986372,302.81625701273833,220.34102713690064,0.21719573850681143,2.814929292442113,0.7759883247182016
1859,6,8,107.53664240729,46.08713246026714,61.44950994702286,19.978840261821485,1.4379795416230203,133.3545761733478,101.01420526600177,0.2063023018573831,2.011524129708384,0.7744208021029599
1860,6,7,81.9145841201803,37.80673113239091,44.10785298778939,14.121410124129705,2.484886880990673,69.5391974848547,65.63882073121319,0.06323871388617684,1.5113556969528723,0.7476052233425619
1861,4,4,223.43184257816364,111.71592128908182,111.71592128908182,42.12476104968925,4.107182776600158,191.94164857054284,126.31003227008075,0.5543213126905155,2.261388187895006,0.7930964781005377
1862,4,4,120.02846534996576,60.01423267498288,60.01423267498288,28.86659650414925,1.030209156942786,131.41384921032335,89.30784761383583,0.0831486890576884,1.8698522007141936,0.787158016753333
1863,4,4,141.39878385790627,70.69939192895313,70.69939192895313,27.486780270860923,3.63398036418755,154.93562413887565,100.71447223802772,0.17156861728841094,2.0081321957028093,0.7924201324738521
1864,7,8,346.0544478454171,161.49207566119463,184.56237218422245,56.74822032982533,7.47392868776528,289.5015703735916,218.3409527201457,4.670015570154304,2.8068491741284136,0.7781689043556932
1865,8,8,298.48606911714825,149.24303455857412,149.24303455857412,46.65570116104304,9.273363285701192,272.00324153737,179.24069690882723,2.4505183852578765,2.6233517912141635,0.7926993357594392
1866,8,7,329.79313454796346,175.88967175891383,153.90346278904963,62.51046573763263,5.618537382598382,231.2005557893256,230.9385284279932,2.1758483828718043,2.855979330885822,0.7389782769631783
1867,8,4,103.12563401417316,68.75042267611543,34.37521133805772,22.49608032481701,3.7738147506960775,58.17995701419441,54.37228689354763,0.007243710708713793,1.2946292563569421,0.7489382639893681
1868,7,7,179.9063657828002,89.95318289140012,89.95318289140012,28.688287837338713,8.09896049261054,152.14214715039773,133.01861176650445,0.6119098992400412,2.317458245549365,0.7585387698700183
1869,4,4,222.0685578307911,111.03427891539555,111.03427891539555,43.96254668707879,5.243134250219452,193.8245352279409,131.96187145843444,0.5620768153012224,2.308867244320929,0.7893556684916849
1870,6,8,256.822767315777,110.06690027819015,146.75586703758685,34.21007991507514,6.681232220618281,503.88553779248576,327.3377480429532,5.649731262385489,3.130084110420994,0.7848594298105529
1871,4,4,83.17855044844931,41.58927522422466,41.58927522422466,21.58064520114591,3.5002927443099434,105.10987331025906,71.63527160297389,0.02957151425214112,1.6131254358252118,0.7858153968683862
1872,5,4,256.2207806708522,142.34487815047345,113.87590252037876,63.15981025261106,2.454970540768852,281.3431435959054,182.8644708831673,0.5220193832226195,2.64269785286327,0.7906009465079199
1873,8,8,153.13854239740286,76.56927119870143,76.56927119870143,25.593139221796907,0.9701118685742378,169.04255776889966,117.9483367727594,0.3658358272195914,2.186042928101502,0.7839887494154876
1874,7,8,144.3277707971472,67.35295970533535,76.97481109181184,20.37333566935192,1.866838327858516,112.4044524571516,89.58266225024501,0.34479020851871145,1.873409050414853,0.7716303847055226
1875,6,4,174.56798018407935,104.7407881104476,69.82719207363174,38.89273645037076,5.244885565120643,148.1929477403974,97.30759890052788,0.10269291664728464,1.9687488988686281,0.7918865774109569
1876,6,5,170.32023820195192,92.90194811015559,77.41829009179634,30.817497014007042,3.4601640119236734,213.89696367746512,143.92696115181445,0.33123814185410166,2.4012932981913857,0.7853229461591618
1877,4,4,300.30762023172,150.15381011586,150.15381011586,52.648607424136245,5.960618303306423,217.44618753260312,216.6405033071112,1.888123952872119,2.7998923468067347,0.7397031500856763
1878,8,8,116.143092713399,58.0715463566995,58.0715463566995,20.29935591701105,2.08168135883826,79.93189911551526,64.76631865507984,0.09817115088174724,1.4958201420204673,0.769908112520163
1879,8,5,86.34060359087432,53.13267913284574,33.207924458028586,18.227059641147083,2.398833956165841,52.76487957814348,48.26863626412764,0.008643754818456166,1.1606727338975735,0.7523631864277494
1880,6,6,210.8898702856155,105.44493514280775,105.44493514280775,40.48226334439119,2.5492739125881325,159.7453682578864,113.73498800908666,0.5147307369764998,2.1455478727497566,0.7851055318934297
1881,8,6,254.5705074188033,145.46886138217332,109.10164603662997,44.15560815423852,6.14988605386687,344.3802843560852,221.4620733996622,1.076572511248199,2.8194105371172964,0.7881450436434739
1882,6,5,281.3768415744214,153.47827722241166,127.89856435200973,60.802591592591966,2.8107071407287005,229.98207016588287,194.3088153023568,0.939360970122081,2.7003767418194236,0.762180092497885
1883,7,6,302.46750945109903,162.8671204736687,139.60038897743033,51.43885535957908,6.126053138633145,316.82502730476665,274.7160210107353,2.5018970793669655,2.9991879726057618,0.7558744376246952
1884,8,4,144.1091874939315,96.072791662621,48.0363958313105,29.445509359082173,3.0863097465550138,161.35307552171534,105.13892187181938,0.04001369855677735,2.05705509745946,0.7854578421493212
1885,6,7,211.68176196352,97.69927475239385,113.98248721112616,36.31984572890153,2.0157456279656616,326.1378640128343,242.40569426069104,1.7835703534798488,2.8973102678096927,0.7720929116108289
1886,7,5,256.45801589990094,149.6005092749422,106.85750662495873,49.85991115853172,4.581526484933981,295.9075204285942,222.8322447786748,0.8008626548380702,2.824841815700338,0.7715823152471694
1887,8,6,141.05219425199496,80.60125385828283,60.45094039371213,25.017961482364534,5.401529306529127,134.77152415265869,124.86998159083812,0.17408991511621022,2.248861598854304,0.7469350058994763
1888,8,6,85.33592972392734,48.763388413672764,36.57254131025457,15.741323222782983,1.2686408018274293,69.37239284150448,59.85996854403827,0.024193166703085904,1.4047153964320542,0.7588078231399015
1889,7,6,120.40054893553818,64.83106481144364,55.56948412409455,21.07708663266536,1.6677038844567773,130.19315081170336,88.9772531862059,0.11025758513783257,1.8655576111977303,0.7858297466498978
1890,7,8,81.2546941789434,37.91885728350692,43.33583689543648,13.341610078937682,1.812048476887009,75.45281173645915,50.42807876948631,0.047405608626920545,1.2095562378561544,0.7913672991006966
1891,8,5,130.7812388915522,80.48076239480135,50.300476496750846,28.549806673129527,1.3210580510921153,169.66758290642412,112.25423090835052,0.047052479380124954,2.1308833541320436,0.7827138573445338
1892,8,7,328.1613170353596,175.01936908552514,153.1419479498345,60.24134117024756,7.77377809700624,275.18150604552125,201.7174072151459,2.004984523613827,2.7351717280009162,0.7806666963534269
1893,6,8,146.1458176977392,62.633921870459666,83.51189582727955,19.60856050219261,4.846803600746392,230.15066749401188,146.10657636413873,0.7816468477856111,2.417052962623836,0.7920519926220607
1894,7,7,93.12842385356544,46.56421192678272,46.56421192678272,16.84881012350281,0.4816027641247127,81.56593447393152,78.8947450840918,0.07358536560354022,1.725718316055876,0.7423864203109437
1895,4,4,133.11075042176054,66.55537521088027,66.55537521088027,34.71439334217233,0.7946787419863902,122.4045636263297,109.8381742096181,0.11367676974916333,2.1064517570754733,0.7532683826660282
1896,7,8,333.5712293350257,155.66657368967864,177.90465564534705,56.6506713949046,1.8548045904480124,484.596626734769,312.1453330015773,5.966949385217542,3.0959467410173485,0.7898999013707331
1897,4,4,179.9178286329961,89.95891431649805,89.95891431649805,41.04372375741359,5.135296323048556,200.06338585879527,136.16903035915118,0.33753981848680564,2.3425599890063027,0.7872528328006253
1898,7,8,341.72153782687246,159.47005098587383,182.25148684099864,59.236439497599996,7.437387557943709,291.5424363227311,210.8211706599535,4.098993378276844,2.7754580978313848,0.7830630981544869
1899,8,8,210.47952184522524,105.23976092261262,105.23976092261262,34.66107201012577,6.533386329972504,242.34711065813644,172.60949388845322,1.0914452290770855,2.586483924733221,0.7816475118963445
1900,8,8,186.0466282470431,93.02331412352154,93.02331412352154,28.6508114110727,4.725397412590721,148.4806743199022,139.3890735682931,0.7337148257032314,2.3674541142671237,0.7482903801401489
1901,7,5,182.799667241408,106.63313922415466,76.16652801725333,34.40042220665355,10.38737883546252,162.62852847335552,119.0330879995917,0.23453916515076675,2.1961839415721895,0.7799976993664044
1902,8,5,100.98042391663238,62.14179933331223,38.83862458332015,21.675769851102103,1.2941430151628497,140.45309560487283,88.54206221160675,0.023100878897705374,1.8598777876046613,0.7866518500661133
1903,6,8,329.30391772371195,141.1302504530194,188.17366727069253,43.83675756755509,2.6841018539614243,307.4771217922856,241.90049734258264,6.575204228302545,2.895552380210893,0.7724237086673982
1904,8,5,123.88207565092114,76.23512347748994,47.64695217343121,24.57937358608344,4.099220399282498,122.13558411675729,106.80638494732416,0.0582439450791303,2.0748750925254495,0.7532631202547212
1905,8,8,131.57752981947837,65.78876490973919,65.78876490973919,21.72215291617812,2.5140947070860387,74.32761288243417,70.34405353910013,0.15231556102504304,1.591920746136038,0.7491258471493736
1906,8,6,186.78099068961217,106.73199467977838,80.04899600983379,39.38648491304807,1.5783409785019769,174.6208141128567,125.64145616734535,0.1924145450955935,2.2555947973778565,0.780608475444371
1907,6,5,218.3852577334852,119.11923149099192,99.26602624249327,42.17245853036572,3.124932602671701,289.31344663752805,213.5770417474888,0.7587646044291779,2.787152304699771,0.7728546923772704
1908,8,8,303.4740957853338,151.7370478926669,151.7370478926669,48.02088392591519,6.7781690447361616,278.40476149639926,209.8576150323564,2.931010160975764,2.7713159784749157,0.7770567348925335
1909,8,7,80.39823112065872,42.87905659768465,37.51917452297407,13.277607209533251,1.3871785148077027,87.53097752162013,60.10521349654717,0.03590664385350031,1.4094263948671026,0.7854314900944827
1910,7,8,162.85696930574017,75.9999190093454,86.85705029639476,23.14385933637547,5.396578733954748,142.25841703229668,122.5059421334907,0.6411761205554463,2.227901417956118,0.7607165322995054
1911,8,8,280.70541646818225,140.35270823409112,140.35270823409112,43.90609851670875,5.289359621030588,168.13597505268342,144.76505840696538,1.6986700941189876,2.407390135005617,0.762490531214721
1912,4,4,137.62984986348232,68.81492493174116,68.81492493174116,44.26755130295872,1.7119316776803968,167.3422222312192,108.47600740678534,0.06736016424230257,2.092393632569006,0.7911579867141212
1913,6,5,322.422228806555,175.86667025812088,146.55555854843408,66.94132924188217,5.024313370988256,217.8990476420056,195.99620931706949,1.3550462378620347,2.708469019245599,0.7550590494865953
1914,4,4,168.61912055881066,84.30956027940533,84.30956027940533,33.567161480189775,6.141325338756421,131.8816945175709,118.2313019310167,0.2948881230713994,2.1886992609253886,0.7554369914914932
1915,8,6,129.08385245953596,73.76220140544912,55.32165105408684,24.09780025162443,4.17886854444824,130.33001618966085,90.17820878991006,0.09032880707864113,1.8810764291241078,0.7848980437881785
1916,8,6,133.20580004735322,76.11760002705898,57.08820002029423,27.13952235929282,0.7729591141822547,89.5799320596224,73.242699882919,0.05868619599784726,1.6390068429917464,0.7677265734482237
1917,6,6,195.6792946654805,97.83964733274026,97.83964733274026,45.38003431110736,2.073034442310188,149.31131651257252,124.71999370208708,0.34254105421326964,2.247546509929905,0.7651309418332675
1918,4,4,146.7109535111665,73.35547675558325,73.35547675558325,29.408191683529164,6.856662369314083,132.76950987096612,114.49414902680503,0.21951398544511236,2.152977272398577,0.7599204232521966
1919,4,4,139.85805013129456,69.92902506564728,69.92902506564728,43.296095775306384,1.732766419323409,127.02499119438116,116.97478346209968,0.08857634559170516,2.1768438870561453,0.7497024783977475
1920,4,4,112.75912072034664,56.37956036017332,56.37956036017332,31.471385803034213,3.4673301429329784,67.74691606243933,63.07353379951705,0.03916057850905544,1.4651188365454568,0.7514016683510429
1921,4,4,213.66252839018884,106.83126419509442,106.83126419509442,54.59278744932572,5.756175778991779,197.1476425475614,150.30541520200222,0.45143964918623397,2.4465530946684075,0.7756787232614384
1922,6,4,291.3038536311505,174.7823121786903,116.5215414524602,74.57606371267124,8.175074090430615,407.5958156402894,285.3829914109641,0.5870883369247787,3.0288109918015635,0.7760263650696804
1923,4,4,290.7351124599481,145.36755622997404,145.36755622997404,97.655798466772,1.4804971336070003,171.38528485002348,146.92289923898446,0.32902631175629554,2.4228756870056403,0.7630375189456763
1924,6,6,102.37424953882152,51.18712476941076,51.18712476941076,20.868982153468306,2.076030632259182,108.06033365404582,97.05890037816876,0.0937664776200158,1.965812874366081,0.7517397682652283
1925,4,4,179.30789712096248,89.65394856048124,89.65394856048124,29.72774657103212,5.44143898927373,142.37336689743455,131.12599698784655,0.4147496770234687,2.3020094257172405,0.7512791791697716
1926,8,7,203.1642942720068,108.35429027840362,94.81000399360317,33.23868620908183,2.3623418769233204,157.25911554235032,138.71134603294635,0.6111004125959817,2.362276938043135,0.7569248436279601
1927,7,4,247.5038823486321,157.50247058549314,90.00141176313895,54.18510518107838,8.303753924072184,187.6387702792032,169.0295119257805,0.2588844244717142,2.5657472441019786,0.7521137182289668
1928,7,5,149.47293818549878,87.19254727487429,62.2803909106245,27.10864184778044,1.9643698085541057,208.0903202982612,139.86807978334406,0.1828721278998066,2.3710935549249,0.7812154143162947
1929,8,6,321.8241938028912,183.89953931593783,137.9246544869534,62.097699246620486,8.274866247368056,304.0820342894317,275.5146788287558,1.7492937439789094,3.0014683517120475,0.7500822354794207
1930,8,8,196.39002182313453,98.19501091156727,98.19501091156727,29.863447913984963,6.944037658501394,234.9361522134087,154.94868926760182,0.939847957309091,2.477921308815599,0.7900439538275663
1931,7,8,102.26363256006243,47.72302852802913,54.5406040320333,14.832621733716737,2.757130365447691,113.86764085425284,105.76398604714676,0.20918894730966384,2.063773610808111,0.7469753995931554
1932,6,5,233.47999904775187,127.3527267533192,106.12727229443267,52.36458231446023,4.612775769362404,291.7755816648702,219.5777115388936,0.6926936322872749,2.8118585137633922,0.7718159084012964
1933,4,4,100.07109546345625,50.03554773172812,50.03554773172812,30.91066780482222,2.335125172223446,69.72366314951658,52.64348308024467,0.01797807511741056,1.2579877048641166,0.7787669059743065
1934,8,7,126.45469307979872,67.44250297589265,59.012190103906065,21.950536462308246,4.34170940464334,174.7365971267294,118.29408162957512,0.18599253509400904,2.189287550610407,0.7838650382295599
1935,6,5,298.7100415222899,162.93274992124904,135.77729160104084,73.89544930965552,1.7762136068817145,417.1326889593737,294.4202464731894,1.1399244919320026,3.0525695238920783,0.7768925261424887
1936,6,5,202.91445989336432,110.68061448728963,92.23384540607469,43.960216163196634,10.655648018506156,184.81947597629213,138.65310338780782,0.3617566383665754,2.361830488534,0.7774363646137086
1937,7,8,238.95380182643208,111.51177418566832,127.44202764076378,36.871467550867536,1.9780225748175733,285.9109589747424,232.64337782725465,2.493921091158589,2.8623190836354393,0.7645153635584875
1938,8,7,159.43136964809304,85.03006381231629,74.40130583577675,27.00406035652347,0.8699782403075162,139.76182997056992,123.75633384039938,0.3136866501285081,2.2390498293199115,0.7549628587924955
1939,8,5,195.5531582401082,120.34040507083581,75.21275316927237,38.522275838278425,2.3472176890735277,266.6272238709977,179.20037711989545,0.25278857246455133,2.6231334352626874,0.7796581256929995
1940,7,6,133.72714826834454,72.00692599064706,61.72022227769748,24.09243065397163,6.949115332286442,112.54392341801554,86.89047030765029,0.13422579315342947,1.8380444547793722,0.774667543252495
1941,7,8,260.47874602098403,121.55674814312587,138.92199787785816,38.17140451044695,5.217830169031296,273.88687245114573,195.7227358392872,2.619847952660359,2.7071643653609674,0.782728316739154
1942,8,4,134.49162515475297,89.66108343650198,44.83054171825099,27.151036112583657,6.249916769411023,146.32052189923917,103.7514174891472,0.03811126562206826,2.0419735691256826,0.7775907000440647
